Date,Month,Year,Weekday,Avg Trip Duration,Total Rides,TempHighF,TempAvgF,DewPointHighF,DewPointAvgF,WindHighMPH,WindAvgMPH,PrecipitationSumInches,Events,PrecipBins
2013-12-21,12,2013,5,30.886999999999997,97,74,60,67,49,20,4,0.46,"Rain , Thunderstorm",0.1-0.5
2013-12-22,12,2013,6,43.385,109,56,48,43,36,16,6,0.0,Sunny,0
2013-12-23,12,2013,0,57.376000000000005,93,58,45,31,27,8,3,0.0,Sunny,0
2013-12-24,12,2013,1,33.519,81,61,46,36,28,12,4,0.0,Sunny,0
2013-12-25,12,2013,2,50.695,141,58,50,44,40,10,2,0.005,Sunny,0.1-0.5
2013-12-26,12,2013,3,54.055,91,57,48,39,36,12,3,0.0,Sunny,0
2013-12-27,12,2013,4,38.622,111,60,53,41,39,7,1,0.005,Sunny,0.1-0.5
2013-12-28,12,2013,5,43.173,191,62,51,43,39,10,2,0.005,Sunny,0.1-0.5
2013-12-29,12,2013,6,41.607,252,64,50,49,41,17,5,0.0,Sunny,0
2013-12-30,12,2013,0,18.366,82,44,40,31,26,13,5,0.0,Sunny,0
2013-12-31,12,2013,1,38.669000000000004,157,55,46,31,28,8,1,0.0,Sunny,0
2014-01-01,1,2014,2,43.023,258,69,54,51,42,13,4,0.0,Sunny,0
2014-01-02,1,2014,3,21.226999999999997,141,55,44,39,26,21,8,0.0,Sunny,0
2014-01-03,1,2014,4,38.967,61,58,43,37,22,14,4,0.0,Sunny,0
2014-01-04,1,2014,5,39.554,168,71,57,55,48,16,7,0.0,Sunny,0
2014-01-05,1,2014,6,20.024,42,59,47,54,32,21,10,0.0,Sunny,0
2014-01-06,1,2014,0,11.571,21,36,29,15,8,17,7,0.0,Sunny,0
2014-01-07,1,2014,1,18.932000000000002,44,48,35,29,11,13,5,0.0,Sunny,0
2014-01-08,1,2014,2,33.792,24,53,47,51,45,12,1,0.16,Rain,0.1-0.5
2014-01-09,1,2014,3,18.119,67,70,62,60,55,12,3,0.0,Fog,0
2014-01-10,1,2014,4,16.069000000000003,72,72,65,64,61,13,6,0.1,Rain,0.1-0.5
2014-01-11,1,2014,5,35.681999999999995,264,75,62,54,37,12,3,0.0,Sunny,0
2014-01-12,1,2014,6,39.588,80,67,57,58,47,15,4,0.01,Rain,0.1-0.5
2014-01-13,1,2014,0,20.679000000000002,78,71,57,60,36,17,7,0.0,Sunny,0
2014-01-14,1,2014,1,31.206999999999997,111,76,57,31,25,16,5,0.0,Sunny,0
2014-01-15,1,2014,2,16.88,75,64,52,29,23,14,4,0.0,Sunny,0
2014-01-16,1,2014,3,20.895,95,72,56,31,27,14,4,0.0,Sunny,0
2014-01-17,1,2014,4,20.0,105,64,54,31,20,14,5,0.0,Sunny,0
2014-01-18,1,2014,5,42.911,247,70,54,41,33,12,2,0.0,Sunny,0
2014-01-19,1,2014,6,36.54,211,72,59,41,30,9,3,0.0,Sunny,0
2014-01-20,1,2014,0,58.638000000000005,149,82,64,51,36,16,5,0.0,Sunny,0
2014-01-21,1,2014,1,16.817999999999998,66,63,51,28,23,15,6,0.0,Sunny,0
2014-01-22,1,2014,2,15.220999999999998,77,70,54,39,27,12,4,0.0,Sunny,0
2014-01-23,1,2014,3,8.304,23,56,42,42,29,20,9,0.06,"Rain , Snow",0.1-0.5
2014-01-24,1,2014,4,15.642999999999999,28,40,33,22,17,16,5,0.05,Sunny,0.1-0.5
2014-01-25,1,2014,5,34.023,175,70,48,38,27,8,1,0.0,Sunny,0
2014-01-26,1,2014,6,44.972,211,76,60,45,39,12,3,0.0,Sunny,0
2014-01-27,1,2014,0,13.759,58,60,47,43,23,21,9,0.02,Rain,0.1-0.5
2014-01-28,1,2014,1,7.562,16,39,33,19,14,15,6,0.05,Rain,0.1-0.5
2014-01-29,1,2014,2,32.981,53,49,38,19,13,15,5,0.0,Sunny,0
2014-01-30,1,2014,3,18.954,65,65,48,51,36,15,7,0.0,Sunny,0
2014-01-31,1,2014,4,26.031999999999996,125,80,68,59,54,14,9,0.0,Sunny,0
2014-02-01,2,2014,5,41.586999999999996,264,76,66,62,59,14,6,0.005,Rain,0.1-0.5
2014-02-02,2,2014,6,10.889000000000001,18,55,45,40,33,18,11,0.02,Rain,0.1-0.5
2014-02-03,2,2014,0,9.02,50,46,40,38,33,13,6,0.0,Sunny,0
2014-02-04,2,2014,1,25.482,85,64,53,45,41,10,2,0.15,Rain,0.1-0.5
2014-02-05,2,2014,2,10.315999999999999,57,48,40,42,26,16,10,0.0,Sunny,0
2014-02-06,2,2014,3,7.487,39,32,29,17,15,15,8,0.0,Sunny,0
2014-02-07,2,2014,4,18.895,57,38,34,29,24,8,3,0.0,Sunny,0
2014-02-08,2,2014,5,43.611999999999995,240,65,51,42,36,14,5,0.0,Sunny,0
2014-02-09,2,2014,6,40.567,215,76,59,53,45,13,4,0.0,Fog,0
2014-02-10,2,2014,0,12.02,51,60,48,49,36,15,9,0.005,Rain,0.1-0.5
2014-02-11,2,2014,1,8.032,31,36,35,31,29,15,9,0.1,Rain,0.1-0.5
2014-02-12,2,2014,2,20.818,121,57,45,34,29,14,5,0.0,Sunny,0
2014-02-13,2,2014,3,18.961,152,69,51,38,34,10,4,0.0,Sunny,0
2014-02-14,2,2014,4,27.5,252,86,67,48,37,18,6,0.0,Sunny,0
2014-02-15,2,2014,5,40.143,610,76,59,52,35,15,5,0.0,Sunny,0
2014-02-16,2,2014,6,51.842,419,76,68,61,57,13,5,0.0,Fog,0
2014-02-17,2,2014,0,29.813000000000002,347,81,70,62,50,15,5,0.0,Sunny,0
2014-02-18,2,2014,1,26.607,150,82,69,63,53,13,4,0.0,Sunny,0
2014-02-19,2,2014,2,17.025,163,82,73,62,60,15,7,0.0,Sunny,0
2014-02-20,2,2014,3,18.342,149,83,70,64,50,16,8,0.0,Sunny,0
2014-02-21,2,2014,4,28.558000000000003,224,72,57,33,27,14,5,0.0,Sunny,0
2014-02-22,2,2014,5,45.773999999999994,358,77,63,57,46,14,6,0.0,Sunny,0
2014-02-23,2,2014,6,33.921,391,86,74,61,56,15,4,0.0,Sunny,0
2014-02-24,2,2014,0,18.019000000000002,155,76,66,63,51,12,4,0.0,Sunny,0
2014-02-25,2,2014,1,32.306,85,71,62,65,60,12,5,0.005,Rain,0.1-0.5
2014-02-26,2,2014,2,10.822000000000001,45,52,44,46,33,20,8,0.11,Rain,0.1-0.5
2014-02-27,2,2014,3,22.526999999999997,150,59,45,32,27,12,3,0.0,Sunny,0
2014-02-28,2,2014,4,31.253,297,80,62,50,46,13,6,0.0,Sunny,0
2014-03-01,3,2014,5,45.83,524,82,68,65,57,16,5,0.0,Fog,0
2014-03-02,3,2014,6,17.59,78,73,51,67,45,20,10,0.08,Rain,0.1-0.5
2014-03-03,3,2014,0,25.576999999999998,104,47,36,27,20,18,10,0.08,"Rain , Thunderstorm",0.1-0.5
2014-03-04,3,2014,1,15.117,94,50,40,36,31,9,4,0.17,Rain,0.1-0.5
2014-03-05,3,2014,2,19.971,174,53,46,43,39,13,3,0.0,Sunny,0
2014-03-06,3,2014,3,26.896,347,65,54,42,38,13,4,0.0,Sunny,0
2014-03-07,3,2014,4,28.551,1007,67,53,50,42,16,6,0.0,Sunny,0
2014-03-08,3,2014,5,29.037,519,59,52,57,49,14,4,0.74,"Rain , Thunderstorm",0.5-2
2014-03-09,3,2014,6,25.410999999999998,1281,58,49,45,39,15,5,0.11,Rain,0.1-0.5
2014-03-10,3,2014,0,27.084,1639,71,61,56,51,12,3,0.01,Rain,0.1-0.5
2014-03-11,3,2014,1,29.783,1970,83,70,56,54,14,5,0.0,Sunny,0
2014-03-12,3,2014,2,25.0,1820,70,60,50,28,24,11,0.0,Sunny,0
2014-03-13,3,2014,3,37.024,2017,68,52,40,26,9,4,0.0,Sunny,0
2014-03-14,3,2014,4,37.012,2642,75,62,59,51,13,5,0.0,Sunny,0
2014-03-15,3,2014,5,40.202,2463,74,68,64,62,12,4,0.07,"Fog , Rain",0.1-0.5
2014-03-16,3,2014,6,39.041,966,64,56,58,45,24,11,0.0,Sunny,0
2014-03-17,3,2014,0,21.839000000000002,347,68,55,31,26,16,6,0.0,Sunny,0
2014-03-18,3,2014,1,35.352,332,83,65,56,42,18,8,0.0,Sunny,0
2014-03-19,3,2014,2,25.035,254,72,62,55,37,15,6,0.0,Sunny,0
2014-03-20,3,2014,3,29.576999999999998,414,76,59,40,36,10,2,0.0,Sunny,0
2014-03-21,3,2014,4,38.117,630,80,67,60,54,17,7,0.0,Fog,0
2014-03-22,3,2014,5,33.25,836,77,69,65,62,12,4,0.0,Sunny,0
2014-03-23,3,2014,6,34.31,365,61,54,51,43,17,9,0.0,Sunny,0
2014-03-24,3,2014,0,36.844,321,66,58,47,42,10,3,0.0,Sunny,0
2014-03-25,3,2014,1,26.997,323,69,57,46,38,15,5,0.0,Sunny,0
2014-03-26,3,2014,2,16.94,200,66,60,55,47,22,10,0.005,Rain,0.1-0.5
2014-03-27,3,2014,3,20.422,258,82,72,68,63,16,8,0.01,Rain,0.1-0.5
2014-03-28,3,2014,4,35.639,510,89,76,67,61,18,5,0.0,Thunderstorm,0
2014-03-29,3,2014,5,40.968999999999994,964,77,64,48,40,13,5,0.0,Sunny,0
2014-03-30,3,2014,6,35.731,747,79,62,51,43,20,8,0.0,Sunny,0
2014-03-31,3,2014,0,28.865,318,85,73,62,57,16,9,0.0,Sunny,0
2014-04-01,4,2014,1,27.143,244,86,76,67,64,17,8,0.0,Sunny,0
2014-04-02,4,2014,2,27.997,294,82,76,69,67,16,9,0.005,Rain,0.1-0.5
2014-04-03,4,2014,3,27.959,266,82,77,69,67,14,7,0.005,Sunny,0.1-0.5
2014-04-04,4,2014,4,49.169,497,74,64,69,35,17,8,0.005,Rain,0.1-0.5
2014-04-05,4,2014,5,33.066,564,65,60,46,38,10,4,0.005,Sunny,0.1-0.5
2014-04-06,4,2014,6,38.664,229,61,57,51,49,12,5,0.2,"Rain , Thunderstorm",0.1-0.5
2014-04-07,4,2014,0,24.447,273,72,62,51,49,25,3,0.27,"Rain , Thunderstorm",0.1-0.5
2014-04-08,4,2014,1,26.287,254,77,64,50,38,22,8,0.0,Sunny,0
2014-04-09,4,2014,2,31.052,368,84,65,51,42,13,6,0.0,Sunny,0
2014-04-10,4,2014,3,35.695,298,87,72,59,53,17,10,0.0,Sunny,0
2014-04-11,4,2014,4,32.882,600,85,73,61,59,16,8,0.0,Sunny,0
2014-04-12,4,2014,5,44.617,919,85,75,63,62,20,10,0.0,Sunny,0
2014-04-13,4,2014,6,34.421,513,78,73,68,66,18,7,0.005,Sunny,0.1-0.5
2014-04-14,4,2014,0,21.118000000000002,161,73,58,69,46,22,10,1.34,"Fog , Rain , Thunderstorm",0.5-2
2014-04-15,4,2014,1,33.022,366,65,52,32,25,12,4,0.0,Sunny,0
2014-04-16,4,2014,2,30.453000000000003,333,73,57,48,40,16,7,0.0,Sunny,0
2014-04-17,4,2014,3,28.71,252,67,62,61,57,10,4,0.06,Rain,0.1-0.5
2014-04-18,4,2014,4,49.443000000000005,679,78,69,61,57,9,2,0.01,Rain,0.1-0.5
2014-04-19,4,2014,5,37.79,1146,78,66,56,54,13,5,0.0,Sunny,0
2014-04-20,4,2014,6,36.97,777,75,68,63,59,12,6,0.0,Sunny,0
2014-04-21,4,2014,0,36.405,435,84,74,65,63,14,5,0.01,"Rain , Thunderstorm",0.1-0.5
2014-04-22,4,2014,1,26.898000000000003,421,87,75,63,58,12,3,0.0,Sunny,0
2014-04-23,4,2014,2,25.078000000000003,421,87,73,64,61,17,7,0.0,Sunny,0
2014-04-24,4,2014,3,28.624000000000002,343,88,78,66,62,16,5,0.0,Sunny,0
2014-04-25,4,2014,4,38.719,637,88,76,64,54,12,6,0.0,Sunny,0
2014-04-26,4,2014,5,44.308,930,86,77,69,66,16,8,0.005,Rain,0.1-0.5
2014-04-27,4,2014,6,34.696,579,96,85,70,66,14,6,0.0,Sunny,0
2014-04-28,4,2014,0,29.947,356,93,80,69,39,14,4,0.0,Sunny,0
2014-04-29,4,2014,1,29.851999999999997,277,84,72,46,34,17,7,0.0,Sunny,0
2014-04-30,4,2014,2,28.104,318,75,66,38,33,16,6,0.0,Sunny,0
2014-05-01,5,2014,3,27.415,364,77,65,43,33,10,3,0.0,Sunny,0
2014-05-02,5,2014,4,44.56100000000001,675,83,70,40,35,9,3,0.0,Sunny,0
2014-05-03,5,2014,5,34.067,761,94,76,42,35,13,4,0.0,Sunny,0
2014-05-04,5,2014,6,40.207,610,91,76,42,37,14,7,0.0,Sunny,0
2014-05-05,5,2014,0,27.384,398,92,76,59,56,16,8,0.0,Sunny,0
2014-05-06,5,2014,1,30.123,318,87,76,64,62,17,9,0.0,Sunny,0
2014-05-07,5,2014,2,21.116999999999997,290,88,79,67,64,18,9,0.0,Sunny,0
2014-05-08,5,2014,3,24.729,225,84,79,73,70,17,8,0.06,Rain,0.1-0.5
2014-05-09,5,2014,4,27.939,407,86,76,71,68,20,5,0.005,"Rain , Thunderstorm",0.1-0.5
2014-05-10,5,2014,5,33.934,700,91,76,66,62,16,6,0.0,Sunny,0
2014-05-11,5,2014,6,30.111,602,93,83,68,67,18,10,0.0,Sunny,0
2014-05-12,5,2014,0,20.592,196,82,72,76,70,18,7,2.45,"Fog , Rain , Thunderstorm",2-10
2014-05-13,5,2014,1,14.698,159,67,61,60,54,16,8,0.94,"Rain , Thunderstorm",0.5-2
2014-05-14,5,2014,2,26.96,405,76,64,51,43,17,7,0.14,Rain,0.1-0.5
2014-05-15,5,2014,3,30.645,434,84,65,47,41,10,3,0.0,Sunny,0
2014-05-16,5,2014,4,28.851999999999997,453,86,74,48,43,15,7,0.0,Sunny,0
2014-05-17,5,2014,5,38.565,754,86,73,59,55,17,9,0.0,Sunny,0
2014-05-18,5,2014,6,45.966,588,85,74,61,59,16,8,0.0,Sunny,0
2014-05-19,5,2014,0,28.215,335,86,76,64,61,18,10,0.0,Sunny,0
2014-05-20,5,2014,1,25.814,312,89,78,65,62,14,9,0.0,Sunny,0
2014-05-21,5,2014,2,33.686,245,89,80,66,64,16,8,0.0,Sunny,0
2014-05-22,5,2014,3,18.425,351,87,79,68,65,15,7,0.005,Sunny,0.1-0.5
2014-05-23,5,2014,4,29.853,497,84,78,71,67,14,6,0.19,"Fog , Rain",0.1-0.5
2014-05-24,5,2014,5,35.539,970,86,78,70,68,15,7,0.005,Sunny,0.1-0.5
2014-05-25,5,2014,6,35.757,1116,87,80,67,66,15,6,0.005,Thunderstorm,0.1-0.5
2014-05-26,5,2014,0,35.080999999999996,272,75,70,70,65,17,5,1.56,"Rain , Thunderstorm",0.5-2
2014-05-27,5,2014,1,28.802,187,73,68,67,64,22,3,1.75,"Fog , Rain , Thunderstorm",0.5-2
2014-05-28,5,2014,2,28.47,279,84,76,68,66,14,4,0.0,Sunny,0
2014-05-29,5,2014,3,27.281,302,89,78,65,63,9,2,0.0,Sunny,0
2014-05-30,5,2014,4,32.529,560,94,81,67,65,9,3,0.0,Sunny,0
2014-05-31,5,2014,5,35.836,676,93,82,69,67,10,3,0.0,Sunny,0
2014-06-01,6,2014,6,29.861,560,88,80,71,69,14,4,0.0,Sunny,0
2014-06-02,6,2014,0,22.44,357,91,83,71,69,13,7,0.0,Sunny,0
2014-06-03,6,2014,1,31.4,400,90,83,72,70,10,6,0.005,Sunny,0.1-0.5
2014-06-04,6,2014,2,28.781,520,91,83,71,70,12,7,0.0,Sunny,0
2014-06-05,6,2014,3,34.512,609,91,83,72,70,14,7,0.0,Sunny,0
2014-06-06,6,2014,4,34.582,565,92,83,71,70,14,7,0.0,Sunny,0
2014-06-07,6,2014,5,39.866,694,92,83,72,70,14,7,0.0,Sunny,0
2014-06-08,6,2014,6,38.398,512,90,83,72,70,16,7,0.005,Rain,0.1-0.5
2014-06-09,6,2014,0,26.7,257,86,77,75,71,14,4,0.55,"Rain , Thunderstorm",0.5-2
2014-06-10,6,2014,1,27.144000000000002,333,92,78,70,61,13,3,0.0,Sunny,0
2014-06-11,6,2014,2,29.983,358,94,80,73,66,14,5,0.0,Sunny,0
2014-06-12,6,2014,3,31.081999999999997,377,92,80,74,72,24,8,1.49,"Rain , Thunderstorm",0.5-2
2014-06-13,6,2014,4,28.951999999999998,437,89,79,62,57,15,4,0.0,Sunny,0
2014-06-14,6,2014,5,36.876,671,87,92,62,57,15,6,0.0,Sunny,0
2014-06-15,6,2014,6,47.338,417,91,83,62,57,14,9,0.0,Sunny,0
2014-06-16,6,2014,0,22.497,364,92,84,62,57,12,8,0.005,Sunny,0.1-0.5
2014-06-17,6,2014,1,22.399,258,92,84,72,69,12,9,0.0,Sunny,0
2014-06-18,6,2014,2,24.383000000000003,248,92,85,75,72,16,9,0.02,Rain,0.1-0.5
2014-06-19,6,2014,3,23.864,323,91,84,74,71,13,6,0.01,Sunny,0.1-0.5
2014-06-20,6,2014,4,33.589,569,91,83,73,71,13,5,0.0,Sunny,0
2014-06-21,6,2014,5,33.126999999999995,777,92,84,74,72,15,6,0.005,Sunny,0.1-0.5
2014-06-22,6,2014,6,39.828,493,90,83,74,72,13,8,0.005,Sunny,0.1-0.5
2014-06-23,6,2014,0,24.18,255,88,78,75,72,16,4,0.27,"Rain , Thunderstorm",0.1-0.5
2014-06-24,6,2014,1,27.997,321,93,84,74,72,22,4,0.24,"Fog , Rain , Thunderstorm",0.1-0.5
2014-06-25,6,2014,2,18.207,251,89,80,76,72,16,5,0.49,"Fog , Rain , Thunderstorm",0.1-0.5
2014-06-26,6,2014,3,30.205,322,88,80,75,71,15,7,0.01,Rain,0.1-0.5
2014-06-27,6,2014,4,31.587,412,91,83,74,72,17,8,0.005,Sunny,0.1-0.5
2014-06-28,6,2014,5,44.534,684,93,86,74,73,16,9,0.005,Sunny,0.1-0.5
2014-06-29,6,2014,6,38.26,392,95,86,74,73,17,9,0.0,Sunny,0
2014-06-30,6,2014,0,26.384,362,96,87,74,71,17,8,0.0,Sunny,0
2014-07-01,7,2014,1,18.622,341,96,86,73,70,15,6,0.0,Sunny,0
2014-07-02,7,2014,2,23.503,290,97,85,73,69,14,4,0.0,Sunny,0
2014-07-03,7,2014,3,29.123,408,96,84,71,69,20,3,0.07,"Rain , Thunderstorm",0.1-0.5
2014-07-04,7,2014,4,31.906999999999996,923,93,82,70,68,16,4,0.0,Thunderstorm,0
2014-07-05,7,2014,5,33.569,1153,94,82,71,69,18,4,0.0,Sunny,0
2014-07-06,7,2014,6,35.366,659,95,84,73,70,13,5,0.0,Sunny,0
2014-07-07,7,2014,0,27.015,332,96,85,70,67,13,5,0.0,Sunny,0
2014-07-08,7,2014,1,23.226,314,98,86,73,68,13,7,0.0,Sunny,0
2014-07-09,7,2014,2,24.089000000000002,359,98,85,72,66,14,6,0.0,Sunny,0
2014-07-10,7,2014,3,21.621,351,96,84,71,68,14,5,0.0,Sunny,0
2014-07-11,7,2014,4,25.475,482,95,83,72,67,13,5,0.0,Sunny,0
2014-07-12,7,2014,5,31.272,690,98,85,71,66,13,4,0.0,Sunny,0
2014-07-13,7,2014,6,27.801,427,100,87,71,67,13,4,0.0,Sunny,0
2014-07-14,7,2014,0,18.335,313,101,88,71,67,10,4,0.0,Sunny,0
2014-07-15,7,2014,1,18.865,245,92,83,73,71,15,3,0.06,"Rain , Thunderstorm",0.1-0.5
2014-07-16,7,2014,2,19.547,307,95,84,74,71,15,4,0.31,"Rain , Thunderstorm",0.1-0.5
2014-07-17,7,2014,3,22.633000000000003,297,89,82,76,74,13,5,3.53,"Fog , Rain , Thunderstorm",2-10
2014-07-18,7,2014,4,24.750999999999998,385,78,75,74,71,14,3,1.52,"Rain , Thunderstorm",0.5-2
2014-07-19,7,2014,5,31.748,799,86,78,70,68,8,2,0.0,Sunny,0
2014-07-20,7,2014,6,34.091,537,94,84,76,72,12,4,0.0,Sunny,0
2014-07-21,7,2014,0,25.564,351,96,87,76,73,10,6,0.0,Sunny,0
2014-07-22,7,2014,1,27.703000000000003,424,96,86,74,72,8,2,0.0,Sunny,0
2014-07-23,7,2014,2,23.715,389,97,86,75,71,7,3,0.0,Sunny,0
2014-07-24,7,2014,3,28.278000000000002,291,94,84,77,72,8,3,0.09,Rain,0.1-0.5
2014-07-25,7,2014,4,28.373,386,96,86,73,70,12,5,0.0,Sunny,0
2014-07-26,7,2014,5,30.680999999999997,586,98,87,74,71,15,6,0.0,Sunny,0
2014-07-27,7,2014,6,34.009,440,98,87,74,71,13,6,0.0,Sunny,0
2014-07-28,7,2014,0,23.5,370,99,87,73,69,9,3,0.0,Sunny,0
2014-07-29,7,2014,1,23.209,244,97,87,72,70,13,4,0.0,Sunny,0
2014-07-30,7,2014,2,19.1,340,96,86,72,68,14,6,0.0,Sunny,0
2014-07-31,7,2014,3,30.932,281,97,87,73,71,13,4,0.0,Sunny,0
2014-08-01,8,2014,4,23.89,474,91,82,67,65,12,5,0.0,Sunny,0
2014-08-02,8,2014,5,44.963,630,90,79,68,66,10,3,0.0,Sunny,0
2014-08-03,8,2014,6,41.138000000000005,507,94,83,69,66,13,4,0.0,Sunny,0
2014-08-04,8,2014,0,23.623,302,94,83,72,69,13,3,0.0,Sunny,0
2014-08-05,8,2014,1,25.82,283,97,85,71,68,13,3,0.0,Sunny,0
2014-08-06,8,2014,2,21.455,376,99,88,73,68,13,5,0.0,Sunny,0
2014-08-07,8,2014,3,27.160999999999998,286,102,90,74,71,13,6,0.0,Sunny,0
2014-08-08,8,2014,4,24.892,316,102,89,75,70,13,6,0.0,Sunny,0
2014-08-09,8,2014,5,41.224,490,100,89,74,68,13,5,0.0,Sunny,0
2014-08-10,8,2014,6,30.794,345,101,89,74,69,13,4,0.0,Sunny,0
2014-08-11,8,2014,0,25.761,251,102,89,75,71,13,3,0.05,"Rain , Thunderstorm",0.1-0.5
2014-08-12,8,2014,1,16.185,259,100,87,73,66,12,4,0.0,Sunny,0
2014-08-13,8,2014,2,28.301,346,97,83,60,57,12,4,0.0,Sunny,0
2014-08-14,8,2014,3,20.916,261,98,84,68,61,9,4,0.0,Sunny,0
2014-08-15,8,2014,4,24.436999999999998,375,101,88,74,69,13,5,0.0,Sunny,0
2014-08-16,8,2014,5,36.066,469,104,91,74,69,14,7,0.0,Sunny,0
2014-08-17,8,2014,6,36.756,430,101,90,74,71,16,6,0.0,Sunny,0
2014-08-18,8,2014,0,20.945999999999998,259,102,90,75,71,15,7,0.0,Sunny,0
2014-08-19,8,2014,1,19.174,327,96,87,72,68,16,7,0.0,Thunderstorm,0
2014-08-20,8,2014,2,18.895,276,102,90,75,71,17,8,0.0,Sunny,0
2014-08-21,8,2014,3,22.843000000000004,242,103,92,75,71,17,9,0.0,Sunny,0
2014-08-22,8,2014,4,29.453000000000003,327,103,91,74,69,15,8,0.0,Sunny,0
2014-08-23,8,2014,5,37.882,502,101,88,73,69,14,6,0.0,Sunny,0
2014-08-24,8,2014,6,33.043,392,101,89,74,70,13,5,0.0,Sunny,0
2014-08-25,8,2014,0,17.76,271,101,89,73,67,10,5,0.0,Sunny,0
2014-08-26,8,2014,1,20.886999999999997,239,101,89,71,68,14,4,0.005,"Rain , Thunderstorm",0.1-0.5
2014-08-27,8,2014,2,19.146,239,98,87,72,66,10,4,0.0,Sunny,0
2014-08-28,8,2014,3,19.547,247,99,88,73,71,17,5,0.0,Sunny,0
2014-08-29,8,2014,4,29.245,290,96,87,75,72,15,5,0.07,"Rain , Thunderstorm",0.1-0.5
2014-08-30,8,2014,5,29.4,587,95,85,73,72,13,4,0.0,Sunny,0
2014-09-01,9,2014,0,41.615,452,101,90,75,72,15,8,0.0,Sunny,0
2014-09-02,9,2014,1,19.089000000000002,247,98,88,75,73,17,8,0.01,Sunny,0.1-0.5
2014-09-03,9,2014,2,23.031999999999996,251,100,88,74,70,17,6,0.0,Sunny,0
2014-09-04,9,2014,3,16.816,255,99,86,77,74,28,5,0.98,"Fog , Rain , Thunderstorm",0.5-2
2014-09-05,9,2014,4,25.156,372,97,87,75,73,13,4,0.02,Rain,0.1-0.5
2014-09-06,9,2014,5,29.15,599,97,86,75,71,13,3,0.19,"Rain , Thunderstorm",0.1-0.5
2014-09-07,9,2014,6,35.091,406,89,82,74,72,8,3,0.22,"Rain , Thunderstorm",0.1-0.5
2014-09-08,9,2014,0,18.121,280,96,84,71,69,12,3,0.0,Sunny,0
2014-09-09,9,2014,1,18.402,259,97,86,73,69,13,6,0.0,Sunny,0
2014-09-10,9,2014,2,14.950999999999999,247,99,88,73,71,14,7,0.0,Sunny,0
2014-09-11,9,2014,3,24.733,326,99,89,75,71,10,5,0.0,Sunny,0
2014-09-12,9,2014,4,27.340999999999998,270,96,81,74,70,15,5,0.51,"Rain , Thunderstorm",0.5-2
2014-09-13,9,2014,5,32.765,204,66,63,63,60,14,5,0.68,Rain,0.5-2
2014-09-14,9,2014,6,32.539,562,77,71,67,64,7,2,0.0,Sunny,0
2014-09-15,9,2014,0,31.765,315,88,79,70,68,8,2,0.0,Sunny,0
2014-09-16,9,2014,1,20.956999999999997,256,94,84,74,72,18,3,0.02,"Rain , Thunderstorm",0.1-0.5
2014-09-17,9,2014,2,20.726999999999997,249,91,83,75,74,14,3,0.35,"Rain , Thunderstorm",0.1-0.5
2014-09-18,9,2014,3,17.203,202,90,81,75,73,25,2,3.66,"Fog , Rain , Thunderstorm",2-10
2014-09-19,9,2014,4,24.485,293,86,80,75,74,10,3,0.13,Rain,0.1-0.5
2014-09-20,9,2014,5,30.276999999999997,578,90,82,75,73,9,3,0.21,Rain,0.1-0.5
2014-09-21,9,2014,6,28.138,529,90,81,73,70,10,3,0.0,Sunny,0
2014-09-22,9,2014,0,24.65,343,91,81,70,68,9,4,0.0,Sunny,0
2014-09-23,9,2014,1,19.926,338,85,76,66,58,8,3,0.0,Sunny,0
2014-09-24,9,2014,2,21.927,328,84,72,60,56,9,2,0.0,Sunny,0
2014-09-25,9,2014,3,19.663,338,83,73,66,62,13,3,0.005,Sunny,0.1-0.5
2014-09-26,9,2014,4,24.676,488,85,76,67,64,10,3,0.0,Sunny,0
2014-09-27,9,2014,5,30.066,768,80,74,69,66,9,2,0.005,Rain,0.1-0.5
2014-09-28,9,2014,6,28.134,591,88,77,67,65,12,3,0.0,Sunny,0
2014-09-29,9,2014,0,18.752,323,89,78,68,64,8,2,0.0,Sunny,0
2014-09-30,9,2014,1,20.519000000000002,312,90,78,70,65,9,2,0.0,Sunny,0
2014-10-01,10,2014,2,17.695999999999998,319,92,84,73,70,10,5,0.0,Sunny,0
2014-10-02,10,2014,3,29.265,404,92,84,75,72,14,7,0.03,"Rain , Thunderstorm",0.1-0.5
2014-10-03,10,2014,4,31.676,1168,85,75,59,51,14,7,0.0,Thunderstorm,0
2014-10-04,10,2014,5,31.614,1841,80,70,53,48,9,4,0.0,Sunny,0
2014-10-05,10,2014,6,29.653000000000002,1534,87,75,67,62,14,6,0.0,Sunny,0
2014-10-06,10,2014,0,22.093000000000004,547,89,81,71,69,13,6,0.0,Sunny,0
2014-10-07,10,2014,1,38.603,373,94,83,73,70,13,5,0.0,Sunny,0
2014-10-08,10,2014,2,20.497,477,90,82,72,70,15,6,0.0,Sunny,0
2014-10-09,10,2014,3,30.046999999999997,534,92,84,73,71,14,7,0.005,Rain,0.1-0.5
2014-10-10,10,2014,4,26.644000000000002,1257,92,84,73,70,14,7,0.0,Sunny,0
2014-10-11,10,2014,5,32.341,1480,78,69,72,62,14,5,1.42,"Fog , Rain",0.5-2
2014-10-12,10,2014,6,30.829,1726,77,69,72,63,13,2,0.01,"Rain , Thunderstorm",0.1-0.5
2014-10-13,10,2014,0,35.065,719,76,69,72,59,20,10,0.09,"Rain , Thunderstorm",0.1-0.5
2014-10-14,10,2014,1,29.593000000000004,575,80,66,48,43,14,5,0.0,Sunny,0
2014-10-15,10,2014,2,20.865,489,88,72,51,46,9,2,0.0,Sunny,0
2014-10-16,10,2014,3,24.741999999999997,426,86,72,54,49,13,4,0.0,Sunny,0
2014-10-17,10,2014,4,28.191999999999997,655,87,74,64,60,13,3,0.0,Sunny,0
2014-10-18,10,2014,5,34.013000000000005,1014,86,76,69,64,9,2,0.0,Sunny,0
2014-10-19,10,2014,6,33.497,628,82,74,66,63,8,2,0.0,Sunny,0
2014-10-20,10,2014,0,26.101999999999997,413,82,73,64,61,8,2,0.0,Sunny,0
2014-10-21,10,2014,1,22.092,349,83,71,61,55,10,3,0.0,Sunny,0
2014-10-22,10,2014,2,19.337,309,83,72,62,59,9,2,0.005,Rain,0.1-0.5
2014-10-23,10,2014,3,20.674,365,83,75,62,59,8,2,0.005,Rain,0.1-0.5
2014-10-24,10,2014,4,27.879,668,85,73,61,59,7,2,0.0,Sunny,0
2014-10-25,10,2014,5,30.745,776,88,75,61,59,8,2,0.0,Sunny,0
2014-10-26,10,2014,6,33.786,677,86,74,61,58,12,4,0.0,Sunny,0
2014-10-27,10,2014,0,18.296,463,86,74,65,61,14,6,0.0,Sunny,0
2014-10-28,10,2014,1,21.396,467,84,75,68,65,8,2,0.0,Sunny,0
2014-10-29,10,2014,2,18.797,389,81,73,63,62,10,3,0.0,Sunny,0
2014-10-30,10,2014,3,22.7,400,82,73,61,59,8,2,0.005,Rain,0.1-0.5
2014-10-31,10,2014,4,24.412,520,76,66,61,49,16,7,0.3,Rain,0.1-0.5
2014-11-01,11,2014,5,36.906,817,68,58,43,39,9,5,0.0,Sunny,0
2014-11-02,11,2014,6,28.74,465,75,62,52,45,15,6,0.0,Sunny,0
2014-11-03,11,2014,0,26.156,307,76,68,63,59,14,6,0.005,Sunny,0.1-0.5
2014-11-04,11,2014,1,18.34,241,75,67,69,63,17,5,0.56,Rain,0.5-2
2014-11-05,11,2014,2,50.55,40,59,57,58,56,13,6,1.51,Rain,0.5-2
2014-11-06,11,2014,3,22.635,274,63,59,56,51,10,4,0.04,Rain,0.1-0.5
2014-11-07,11,2014,4,24.814,666,71,60,49,41,7,2,0.0,Sunny,0
2014-11-08,11,2014,5,28.772,969,75,62,52,47,15,4,0.0,Sunny,0
2014-11-09,11,2014,6,28.872,846,74,61,45,43,8,3,0.0,Sunny,0
2014-11-10,11,2014,0,28.283,494,76,63,61,53,17,6,0.0,Sunny,0
2014-11-11,11,2014,1,13.540999999999999,222,65,54,62,41,17,7,0.0,Sunny,0
2014-11-12,11,2014,2,14.34,159,51,44,29,23,16,9,0.0,Sunny,0
2014-11-13,11,2014,3,13.835999999999999,116,41,36,17,13,17,8,0.0,Sunny,0
2014-11-14,11,2014,4,20.916999999999998,180,45,38,23,17,8,3,0.0,Sunny,0
2014-11-15,11,2014,5,21.76,200,48,44,47,39,10,4,0.02,Rain,0.1-0.5
2014-11-16,11,2014,6,29.903000000000002,144,50,42,49,45,17,6,0.01,"Fog , Rain",0.1-0.5
2014-11-17,11,2014,0,18.22,191,53,42,27,21,16,6,0.0,Sunny,0
2014-11-18,11,2014,1,18.305999999999997,147,56,43,27,23,10,2,0.0,Sunny,0
2014-11-19,11,2014,2,15.798,228,69,51,45,38,13,3,0.0,Sunny,0
2014-11-20,11,2014,3,17.129,271,70,57,63,57,12,3,0.01,"Fog , Rain",0.1-0.5
2014-11-21,11,2014,4,22.014,207,74,68,69,65,13,5,0.33,"Fog , Rain",0.1-0.5
2014-11-22,11,2014,5,16.422,45,67,63,64,62,20,7,3.33,"Fog , Rain , Thunderstorm",2-10
2014-11-23,11,2014,6,37.662,462,81,67,57,48,16,5,0.0,Sunny,0
2014-11-24,11,2014,0,24.511999999999997,281,66,53,39,32,15,5,0.0,Sunny,0
2014-11-25,11,2014,1,32.351,302,67,53,38,33,9,3,0.0,Sunny,0
2014-11-26,11,2014,2,22.021,236,77,60,37,33,10,3,0.0,Sunny,0
2014-11-27,11,2014,3,33.593,248,64,53,37,33,10,4,0.0,Sunny,0
2014-11-28,11,2014,4,36.289,499,72,57,54,45,14,4,0.0,Sunny,0
2014-11-29,11,2014,5,36.549,614,73,65,61,57,16,7,0.0,Sunny,0
2014-11-30,11,2014,6,28.342,485,79,72,63,62,15,7,0.0,Sunny,0
2014-12-01,12,2014,0,21.842,133,66,54,63,42,17,6,0.0,Sunny,0
2014-12-02,12,2014,1,18.688,154,50,45,43,32,10,4,0.0,Sunny,0
2014-12-03,12,2014,2,22.05,202,59,54,55,50,7,1,0.0,Sunny,0
2014-12-04,12,2014,3,20.076,144,66,62,65,61,12,3,0.06,Rain,0.1-0.5
2014-12-05,12,2014,4,21.258000000000003,325,75,69,66,64,12,5,0.01,Rain,0.1-0.5
2014-12-06,12,2014,5,30.12,551,69,62,58,51,13,6,0.0,Sunny,0
2014-12-07,12,2014,6,26.535999999999998,332,56,54,50,48,9,4,0.0,Sunny,0
2014-12-08,12,2014,0,21.236,191,67,58,49,46,9,3,0.0,Sunny,0
2014-12-09,12,2014,1,21.250999999999998,255,69,56,49,45,8,1,0.0,Sunny,0
2014-12-10,12,2014,2,17.629,143,66,57,57,50,8,1,0.02,Rain,0.1-0.5
2014-12-11,12,2014,3,16.994,156,67,62,59,57,9,5,0.04,Rain,0.1-0.5
2014-12-12,12,2014,4,22.379,232,71,65,58,57,12,5,0.005,Rain,0.1-0.5
2014-12-13,12,2014,5,24.541999999999998,408,74,65,59,57,14,5,0.0,Sunny,0
2014-12-14,12,2014,6,39.021,193,74,68,64,62,14,6,0.07,Rain,0.1-0.5
2014-12-15,12,2014,0,20.204,275,74,63,64,51,12,5,0.0,Sunny,0
2014-12-16,12,2014,1,19.325,292,63,55,36,34,14,5,0.0,Sunny,0
2014-12-17,12,2014,2,11.432,125,53,51,51,44,15,4,0.1,"Rain , Thunderstorm",0.1-0.5
2014-12-18,12,2014,3,17.191,173,60,55,56,51,12,3,0.005,Sunny,0.1-0.5
2014-12-19,12,2014,4,18.151,166,57,53,50,48,13,7,0.59,"Rain , Thunderstorm",0.5-2
2014-12-20,12,2014,5,22.94,218,54,52,47,45,8,3,0.0,Sunny,0
2014-12-21,12,2014,6,26.156,257,56,53,52,49,10,5,0.0,Sunny,0
2014-12-22,12,2014,0,26.924,314,77,67,56,52,12,5,0.0,Sunny,0
2014-12-23,12,2014,1,23.25,100,59,51,44,40,18,8,0.005,Rain,0.1-0.5
2014-12-24,12,2014,2,30.555,137,57,46,35,32,16,6,0.0,Sunny,0
2014-12-25,12,2014,3,39.849000000000004,259,65,49,47,33,16,6,0.0,Sunny,0
2014-12-26,12,2014,4,36.804,285,74,64,63,57,12,5,0.01,Rain,0.1-0.5
2014-12-27,12,2014,5,27.25,96,66,54,63,49,16,8,0.03,Rain,0.1-0.5
2014-12-28,12,2014,6,23.342,76,47,40,34,30,14,4,0.13,Rain,0.1-0.5
2014-12-29,12,2014,0,28.188000000000002,404,67,49,42,36,10,2,0.0,Sunny,0
2014-12-30,12,2014,1,19.065,217,46,43,43,40,13,6,0.0,Fog,0
2014-12-31,12,2014,2,20.308,130,42,39,31,29,14,8,0.005,Sunny,0.1-0.5
2015-01-02,1,2015,4,17.452,42,43,41,41,39,12,5,0.2,"Rain , Thunderstorm",0.1-0.5
2015-01-03,1,2015,5,38.05,357,62,51,43,40,14,3,0.76,"Rain , Thunderstorm",0.5-2
2015-01-04,1,2015,6,25.174,167,51,43,41,30,16,7,0.0,Sunny,0
2015-01-05,1,2015,0,20.759,174,52,41,28,23,8,4,0.0,Sunny,0
2015-01-06,1,2015,1,21.134,209,71,54,37,32,9,2,0.0,Sunny,0
2015-01-07,1,2015,2,13.17,135,51,41,38,27,21,9,0.0,Sunny,0
2015-01-08,1,2015,3,16.654,78,36,30,23,12,15,5,0.005,Rain,0.1-0.5
2015-01-09,1,2015,4,11.602,123,38,36,32,26,13,6,0.02,Rain,0.1-0.5
2015-01-10,1,2015,5,19.522000000000002,23,36,34,34,31,8,3,0.3,"Rain , Thunderstorm",0.1-0.5
2015-01-11,1,2015,6,20.208,183,49,42,45,39,8,3,0.17,Rain,0.1-0.5
2015-01-12,1,2015,0,16.174,161,46,43,45,41,14,5,0.0,Fog,0
2015-01-13,1,2015,1,10.627,110,42,39,37,33,12,7,0.0,Sunny,0
2015-01-14,1,2015,2,10.704,98,40,39,38,36,9,5,0.0,Sunny,0
2015-01-15,1,2015,3,16.969,195,59,49,38,36,12,4,0.0,Sunny,0
2015-01-16,1,2015,4,24.829,292,64,51,41,38,8,3,0.0,Sunny,0
2015-01-17,1,2015,5,29.871,811,69,54,46,40,12,3,0.0,Sunny,0
2015-01-18,1,2015,6,31.191999999999997,757,72,59,34,30,10,3,0.0,Sunny,0
2015-01-19,1,2015,0,29.061999999999998,448,75,56,47,41,10,3,0.0,Sunny,0
2015-01-20,1,2015,1,21.487,230,80,61,51,44,12,3,0.0,Sunny,0
2015-01-21,1,2015,2,17.505,99,56,53,53,50,10,6,0.16,Rain,0.1-0.5
2015-01-22,1,2015,3,8.625,40,52,47,51,46,20,10,2.07,Rain,2-10
2015-01-23,1,2015,4,18.0,98,51,45,42,38,15,6,0.4,Rain,0.1-0.5
2015-01-24,1,2015,5,36.446,599,63,50,41,36,13,4,0.0,Sunny,0
2015-01-25,1,2015,6,33.974000000000004,573,73,57,40,34,13,6,0.0,Sunny,0
2015-01-26,1,2015,0,31.688000000000002,247,74,60,43,37,10,5,0.0,Sunny,0
2015-01-27,1,2015,1,20.255,267,83,67,45,40,14,6,0.0,Sunny,0
2015-01-28,1,2015,2,18.762,239,81,62,49,42,14,4,0.0,Sunny,0
2015-01-29,1,2015,3,20.003,287,79,66,55,49,16,4,0.005,Sunny,0.1-0.5
2015-01-30,1,2015,4,20.534000000000002,262,58,53,39,36,14,6,0.005,Rain,0.1-0.5
2015-01-31,1,2015,5,22.449,118,62,56,61,51,15,4,0.31,Rain,0.1-0.5
2015-02-01,2,2015,6,29.625999999999998,305,73,59,61,54,17,7,0.02,Rain,0.1-0.5
2015-02-02,2,2015,0,13.988,81,49,41,30,24,15,6,0.0,Sunny,0
2015-02-03,2,2015,1,8.89,73,43,42,42,37,8,2,0.26,Rain,0.1-0.5
2015-02-04,2,2015,2,19.748,119,55,49,50,45,8,2,0.06,Rain,0.1-0.5
2015-02-05,2,2015,3,9.992,120,52,45,48,35,16,7,0.005,Sunny,0.1-0.5
2015-02-06,2,2015,4,30.215999999999998,291,60,49,42,38,10,3,0.0,Sunny,0
2015-02-07,2,2015,5,30.076,660,69,55,53,46,13,5,0.0,Sunny,0
2015-02-08,2,2015,6,35.137,671,78,68,57,56,14,6,0.0,Sunny,0
2015-02-09,2,2015,0,21.71,276,83,68,50,44,9,3,0.0,Sunny,0
2015-02-10,2,2015,1,37.467,199,81,64,49,44,10,4,0.0,Sunny,0
2015-02-11,2,2015,2,21.939,228,78,65,53,49,16,5,0.0,Sunny,0
2015-02-12,2,2015,3,16.712,205,62,53,40,34,16,7,0.0,Sunny,0
2015-02-13,2,2015,4,24.497,493,70,55,44,38,10,2,0.0,Sunny,0
2015-02-14,2,2015,5,35.595,1506,78,63,53,47,9,3,0.0,Sunny,0
2015-02-15,2,2015,6,33.053000000000004,950,68,63,62,58,10,5,0.005,Sunny,0.1-0.5
2015-02-16,2,2015,0,14.89,91,66,51,61,39,17,9,0.01,Rain,0.1-0.5
2015-02-17,2,2015,1,17.87,146,55,45,33,27,13,7,0.0,Sunny,0
2015-02-18,2,2015,2,24.155,323,66,49,34,29,13,4,0.0,Sunny,0
2015-02-19,2,2015,3,19.178,365,70,54,49,40,14,5,0.0,Sunny,0
2015-02-20,2,2015,4,21.392,357,75,65,60,56,16,9,0.0,Sunny,0
2015-02-21,2,2015,5,34.763000000000005,993,78,67,61,56,14,6,0.0,Sunny,0
2015-02-22,2,2015,6,20.712,160,56,47,52,44,20,7,0.02,Rain,0.1-0.5
2015-02-23,2,2015,0,9.304,46,37,34,32,29,17,9,0.01,Rain,0.1-0.5
2015-02-24,2,2015,1,8.127,71,37,34,34,29,9,4,0.0,Sunny,0
2015-02-25,2,2015,2,15.097000000000001,195,63,49,36,34,13,3,0.01,Rain,0.1-0.5
2015-02-26,2,2015,3,15.562000000000001,130,52,43,37,31,15,7,0.0,Sunny,0
2015-02-27,2,2015,4,15.620999999999999,87,36,34,30,25,13,7,0.01,Rain,0.1-0.5
2015-02-28,2,2015,5,19.125,40,36,34,34,31,10,5,0.1,Rain,0.1-0.5
2015-03-01,3,2015,6,24.085,94,43,39,41,38,10,6,0.09,Rain,0.1-0.5
2015-03-02,3,2015,0,12.546,119,45,42,42,40,10,4,0.02,Rain,0.1-0.5
2015-03-03,3,2015,1,14.814,140,63,52,59,49,8,1,0.01,"Fog , Rain",0.1-0.5
2015-03-04,3,2015,2,12.655999999999999,131,70,52,67,56,21,6,0.15,"Fog , Rain , Thunderstorm",0.1-0.5
2015-03-05,3,2015,3,18.852999999999998,136,47,39,32,25,20,10,0.13,"Rain , Thunderstorm",0.1-0.5
2015-03-06,3,2015,4,28.09,344,57,42,29,23,8,2,0.0,Sunny,0
2015-03-07,3,2015,5,33.364000000000004,696,60,49,37,30,10,2,0.005,Sunny,0.1-0.5
2015-03-08,3,2015,6,42.614,88,54,51,51,48,12,3,0.45,Rain,0.1-0.5
2015-03-10,3,2015,1,25.513,458,63,57,52,50,9,4,0.0,Sunny,0
2015-03-11,3,2015,2,18.673,342,59,57,51,50,13,6,0.0,Sunny,0
2015-03-12,3,2015,3,29.055,703,73,63,55,52,13,5,0.02,Rain,0.1-0.5
2015-03-13,3,2015,4,26.545,1617,78,66,54,52,12,3,0.0,Sunny,0
2015-03-14,3,2015,5,26.473000000000003,2645,78,66,53,49,15,6,0.0,Sunny,0
2015-03-15,3,2015,6,22.7,2539,69,60,54,51,12,3,0.0,Sunny,0
2015-03-16,3,2015,0,19.625,2266,77,65,62,56,10,3,0.0,Sunny,0
2015-03-17,3,2015,1,21.252,2134,77,70,66,63,9,3,0.01,Rain,0.1-0.5
2015-03-18,3,2015,2,23.004,2376,81,71,65,61,13,4,0.13,Rain,0.1-0.5
2015-03-19,3,2015,3,21.076999999999998,2927,83,73,66,64,12,5,0.0,Sunny,0
2015-03-20,3,2015,4,18.847,1538,71,64,67,61,15,4,1.17,"Fog , Rain",0.5-2
2015-03-21,3,2015,5,19.249000000000002,1150,61,58,58,56,10,4,0.43,Rain,0.1-0.5
2015-03-22,3,2015,6,32.339,1153,78,68,59,57,9,4,0.0,Sunny,0
2015-03-23,3,2015,0,25.964000000000002,390,80,66,59,56,9,3,0.0,Sunny,0
2015-03-24,3,2015,1,25.491,379,83,71,62,60,14,7,0.0,Sunny,0
2015-03-25,3,2015,2,21.193,374,84,73,63,61,16,8,0.0,Sunny,0
2015-03-26,3,2015,3,23.232,370,70,62,65,48,20,10,0.05,Rain,0.1-0.5
2015-03-27,3,2015,4,24.934,709,82,64,44,36,13,4,0.0,Sunny,0
2015-03-28,3,2015,5,37.613,1257,84,66,49,44,13,5,0.0,Sunny,0
2015-03-29,3,2015,6,35.678000000000004,769,84,71,60,56,17,8,0.0,Sunny,0
2015-03-30,3,2015,0,26.096,499,80,72,64,62,12,5,0.0,Sunny,0
2015-03-31,3,2015,1,26.929000000000002,522,82,74,66,62,13,7,0.0,Sunny,0
2015-04-01,4,2015,2,22.176,397,83,76,67,65,14,7,0.005,Rain,0.1-0.5
2015-04-02,4,2015,3,28.643,596,84,76,68,66,15,8,0.0,Sunny,0
2015-04-03,4,2015,4,28.816,667,86,76,68,62,17,7,0.0,Sunny,0
2015-04-04,4,2015,5,41.833999999999996,891,69,63,48,44,17,8,0.0,Sunny,0
2015-04-05,4,2015,6,36.279,416,69,64,64,59,10,4,0.02,Rain,0.1-0.5
2015-04-06,4,2015,0,29.539,603,85,75,67,65,14,7,0.0,Sunny,0
2015-04-07,4,2015,1,23.054000000000002,424,87,78,67,65,16,8,0.0,Sunny,0
2015-04-08,4,2015,2,19.28,407,79,74,69,67,16,8,0.005,Sunny,0.1-0.5
2015-04-09,4,2015,3,22.813000000000002,459,87,79,71,67,15,7,0.0,Sunny,0
2015-04-10,4,2015,4,32.723,447,74,65,68,53,14,5,0.09,"Rain , Thunderstorm",0.1-0.5
2015-04-11,4,2015,5,36.717,576,70,65,66,62,7,3,0.005,Rain,0.1-0.5
2015-04-12,4,2015,6,30.509,587,82,75,69,67,13,5,0.01,Fog,0.1-0.5
2015-04-13,4,2015,0,24.467,443,87,76,70,65,13,4,0.09,"Rain , Thunderstorm",0.1-0.5
2015-04-14,4,2015,1,17.676,408,77,67,61,55,12,6,0.0,Sunny,0
2015-04-15,4,2015,2,19.232,452,83,69,65,56,14,4,0.0,Sunny,0
2015-04-16,4,2015,3,18.82,399,81,74,70,66,17,4,0.01,"Rain , Thunderstorm",0.1-0.5
2015-04-17,4,2015,4,22.436,445,75,71,70,65,12,4,0.41,"Rain , Thunderstorm",0.1-0.5
2015-04-18,4,2015,5,31.046,940,77,66,66,63,28,4,0.57,"Fog , Rain , Thunderstorm",0.5-2
2015-04-19,4,2015,6,38.028,815,89,73,69,58,15,6,0.0,"Fog , Thunderstorm",0
2015-04-20,4,2015,0,29.525,446,73,64,48,43,15,6,0.0,Sunny,0
2015-04-21,4,2015,1,21.991,348,81,66,63,53,13,5,0.0,Sunny,0
2015-04-22,4,2015,2,17.583,379,81,74,68,65,16,7,0.005,Sunny,0.1-0.5
2015-04-23,4,2015,3,30.313000000000002,467,85,77,72,69,10,4,0.0,Sunny,0
2015-04-24,4,2015,4,29.936,595,85,77,74,72,14,5,0.43,"Rain , Thunderstorm",0.1-0.5
2015-04-25,4,2015,5,37.095,1069,93,82,73,64,12,5,0.04,Thunderstorm,0.1-0.5
2015-04-26,4,2015,6,31.877,690,86,78,72,69,18,8,0.08,"Rain , Thunderstorm",0.1-0.5
2015-04-27,4,2015,0,24.500999999999998,499,85,74,70,62,17,4,0.56,"Rain , Thunderstorm",0.5-2
2015-04-28,4,2015,1,19.257,272,65,59,59,52,17,8,0.0,Sunny,0
2015-04-29,4,2015,2,23.748,349,77,63,48,45,12,5,0.0,Sunny,0
2015-04-30,4,2015,3,26.21,457,83,67,51,49,10,3,0.0,Sunny,0
2015-05-01,5,2015,4,34.022,509,84,70,56,52,10,2,0.0,Sunny,0
2015-05-02,5,2015,5,34.053000000000004,972,83,71,55,53,13,4,0.0,Sunny,0
2015-05-03,5,2015,6,35.348,791,84,71,62,58,15,6,0.0,Sunny,0
2015-05-04,5,2015,0,28.84,356,84,75,66,63,16,8,0.0,Sunny,0
2015-05-05,5,2015,1,30.232,314,83,75,70,67,20,7,3.84,"Fog , Rain , Thunderstorm",2-10
2015-05-06,5,2015,2,22.014,348,87,79,71,69,14,8,0.01,Rain,0.1-0.5
2015-05-07,5,2015,3,30.500999999999998,377,83,78,73,71,17,9,0.02,Rain,0.1-0.5
2015-05-08,5,2015,4,24.160999999999998,384,79,76,75,73,13,6,0.29,"Rain , Thunderstorm",0.1-0.5
2015-05-09,5,2015,5,33.192,760,85,79,73,71,17,9,0.02,"Rain , Thunderstorm",0.1-0.5
2015-05-10,5,2015,6,32.799,608,87,82,72,71,17,10,0.0,Sunny,0
2015-05-11,5,2015,0,29.846999999999998,183,79,74,73,67,12,5,0.4,"Rain , Thunderstorm",0.1-0.5
2015-05-12,5,2015,1,15.052999999999999,131,69,67,67,65,10,5,0.23,Rain,0.1-0.5
2015-05-13,5,2015,2,18.347,95,70,67,70,66,14,4,1.12,"Fog , Rain , Thunderstorm",0.5-2
2015-05-14,5,2015,3,23.392,296,87,78,74,71,15,5,0.08,Rain,0.1-0.5
2015-05-15,5,2015,4,30.073,344,77,72,71,68,13,4,0.36,"Rain , Thunderstorm",0.1-0.5
2015-05-16,5,2015,5,33.503,906,87,77,73,70,18,9,0.0,Sunny,0
2015-05-17,5,2015,6,43.663000000000004,575,84,75,72,68,22,5,2.6,"Rain , Thunderstorm",2-10
2015-05-18,5,2015,0,26.113000000000003,432,88,81,75,72,12,5,0.0,Rain,0
2015-05-19,5,2015,1,21.906,414,89,82,75,72,17,8,0.005,Rain,0.1-0.5
2015-05-20,5,2015,2,24.383000000000003,366,89,81,76,72,13,5,0.33,"Rain , Thunderstorm",0.1-0.5
2015-05-21,5,2015,3,23.413,361,76,69,74,63,15,6,0.02,"Rain , Thunderstorm",0.1-0.5
2015-05-22,5,2015,4,31.408,375,77,70,71,67,10,4,0.03,Rain,0.1-0.5
2015-05-23,5,2015,5,35.744,418,87,77,74,71,18,7,1.41,"Fog , Rain , Thunderstorm",0.5-2
2015-05-24,5,2015,6,33.647,1464,82,73,70,68,8,6,0.76,Rain,0.5-2
2015-05-25,5,2015,0,30.733,397,82,74,74,69,16,5,5.2,"Fog , Rain , Thunderstorm",2-10
2015-05-26,5,2015,1,28.061,442,89,78,75,69,13,6,0.0,Thunderstorm,0
2015-05-27,5,2015,2,31.915,307,85,76,75,70,12,5,0.005,"Rain , Thunderstorm",0.1-0.5
2015-05-28,5,2015,3,29.476999999999997,287,87,78,79,73,15,6,0.2,"Rain , Thunderstorm",0.1-0.5
2015-05-29,5,2015,4,28.641,604,89,77,73,66,21,5,0.67,"Rain , Thunderstorm",0.5-2
2015-05-30,5,2015,5,29.787,703,88,79,70,68,12,2,0.005,"Rain , Thunderstorm",0.1-0.5
2015-05-31,5,2015,6,33.074,729,86,77,67,64,9,2,0.0,Sunny,0
2015-06-01,6,2015,0,26.019000000000002,426,88,76,66,65,8,2,0.0,Sunny,0
2015-06-02,6,2015,1,29.874000000000002,342,90,79,70,66,9,2,0.0,Sunny,0
2015-06-03,6,2015,2,25.090999999999998,474,89,78,70,66,13,5,0.0,Sunny,0
2015-06-04,6,2015,3,22.837,442,88,78,70,66,12,4,0.0,Sunny,0
2015-06-05,6,2015,4,23.094,501,90,80,72,68,12,4,0.005,Sunny,0.1-0.5
2015-06-06,6,2015,5,31.195,703,90,80,70,67,9,3,0.0,Sunny,0
2015-06-07,6,2015,6,27.579,673,91,81,70,67,12,4,0.0,Sunny,0
2015-06-08,6,2015,0,25.67,415,93,82,71,68,9,3,0.0,Sunny,0
2015-06-09,6,2015,1,23.331,341,95,84,70,67,8,3,0.0,Sunny,0
2015-06-10,6,2015,2,22.445,418,93,83,70,68,10,4,0.0,Sunny,0
2015-06-11,6,2015,3,19.166,380,94,84,72,70,15,7,0.0,Sunny,0
2015-06-12,6,2015,4,25.660999999999998,545,93,84,75,73,13,6,0.01,Sunny,0.1-0.5
2015-06-13,6,2015,5,32.332,903,95,85,74,72,18,7,0.005,Sunny,0.1-0.5
2015-06-14,6,2015,6,23.881999999999998,457,86,79,76,73,13,6,1.34,"Fog , Rain , Thunderstorm",0.5-2
2015-06-15,6,2015,0,26.480999999999998,341,89,82,76,73,16,4,0.19,"Rain , Thunderstorm",0.1-0.5
2015-06-16,6,2015,1,31.596999999999998,144,83,78,75,73,15,7,1.34,"Fog , Rain , Thunderstorm",0.5-2
2015-06-17,6,2015,2,15.071,196,89,81,77,74,23,5,2.66,"Fog , Rain , Thunderstorm",2-10
2015-06-18,6,2015,3,18.522000000000002,360,90,82,75,73,12,4,0.0,Thunderstorm,0
2015-06-19,6,2015,4,27.983,420,84,78,76,73,13,1,1.09,"Fog , Rain , Thunderstorm",0.5-2
2015-06-20,6,2015,5,31.703000000000003,620,83,78,77,73,17,3,0.49,"Fog , Rain , Thunderstorm",0.1-0.5
2015-06-21,6,2015,6,32.772,386,86,79,78,75,17,4,0.93,"Fog , Rain , Thunderstorm",0.5-2
2015-06-22,6,2015,0,26.398000000000003,405,89,81,77,74,10,5,0.0,Sunny,0
2015-06-23,6,2015,1,25.19,316,92,84,76,73,13,5,0.0,Thunderstorm,0
2015-06-24,6,2015,2,23.201,363,92,83,74,73,12,3,0.0,Sunny,0
2015-06-25,6,2015,3,21.386,399,93,83,74,72,12,4,0.0,Sunny,0
2015-06-26,6,2015,4,26.119,480,93,85,74,73,10,6,0.0,Sunny,0
2015-06-27,6,2015,5,31.237,807,91,83,75,73,14,1,0.01,"Rain , Thunderstorm",0.1-0.5
2015-06-28,6,2015,6,33.266,500,91,82,75,73,13,2,0.08,"Rain , Thunderstorm",0.1-0.5
2015-06-29,6,2015,0,25.525,362,93,84,74,72,10,5,0.0,Sunny,0
2015-06-30,6,2015,1,20.391,274,94,84,76,73,14,4,0.75,"Fog , Rain , Thunderstorm",0.5-2
2015-07-01,7,2015,2,17.33,379,91,81,75,71,17,4,0.005,Rain,0.1-0.5
2015-07-02,7,2015,3,26.105999999999998,452,91,81,73,71,16,6,0.005,Sunny,0.1-0.5
2015-07-03,7,2015,4,37.459,919,91,84,74,72,12,6,0.005,Sunny,0.1-0.5
2015-07-04,7,2015,5,40.09,1300,92,84,74,73,14,7,0.0,Sunny,0
2015-07-05,7,2015,6,30.085,871,91,84,75,73,14,7,0.0,Sunny,0
2015-07-06,7,2015,0,24.753,446,91,84,74,72,16,8,0.0,Sunny,0
2015-07-07,7,2015,1,20.208,379,91,85,75,73,16,8,0.005,Sunny,0.1-0.5
2015-07-08,7,2015,2,30.066,427,91,85,74,72,18,8,0.0,Sunny,0
2015-07-09,7,2015,3,24.015,405,93,85,74,71,16,8,0.0,Sunny,0
2015-07-10,7,2015,4,20.979,482,94,84,74,70,13,6,0.0,Sunny,0
2015-07-11,7,2015,5,28.587,644,93,83,73,70,14,5,0.0,Sunny,0
2015-07-12,7,2015,6,33.748000000000005,611,94,84,73,71,12,5,0.0,Sunny,0
2015-07-13,7,2015,0,18.749000000000002,315,96,86,73,71,13,5,0.0,Sunny,0
2015-07-14,7,2015,1,21.601999999999997,347,97,86,72,69,10,6,0.0,Sunny,0
2015-07-15,7,2015,2,16.688,381,95,85,72,70,13,6,0.0,Sunny,0
2015-07-16,7,2015,3,20.809,497,95,85,72,70,12,6,0.0,Sunny,0
2015-07-17,7,2015,4,32.196999999999996,549,96,86,74,72,13,7,0.0,Sunny,0
2015-07-18,7,2015,5,30.063000000000002,743,98,88,74,72,14,7,0.0,Sunny,0
2015-07-19,7,2015,6,40.37,500,97,87,74,72,13,6,0.0,Sunny,0
2015-07-20,7,2015,0,20.434,389,97,86,73,71,12,5,0.0,Sunny,0
2015-07-21,7,2015,1,17.438,347,97,86,73,71,13,6,0.0,Sunny,0
2015-07-22,7,2015,2,34.342,453,97,87,74,72,13,7,0.0,Sunny,0
2015-07-23,7,2015,3,22.397,373,99,88,73,70,14,7,0.0,Sunny,0
2015-07-24,7,2015,4,27.108,473,99,88,74,71,13,6,0.0,Sunny,0
2015-07-25,7,2015,5,38.074,718,98,87,73,70,12,5,0.0,Sunny,0
2015-07-26,7,2015,6,29.203000000000003,487,98,87,75,72,12,6,0.0,Sunny,0
2015-07-27,7,2015,0,22.894000000000002,349,100,89,75,72,13,6,0.0,Sunny,0
2015-07-28,7,2015,1,23.43,430,100,89,75,71,14,8,0.0,Sunny,0
2015-07-29,7,2015,2,24.19,357,101,89,74,71,12,6,0.0,Sunny,0
2015-07-30,7,2015,3,25.531999999999996,278,101,88,71,66,10,2,0.0,Sunny,0
2015-07-31,7,2015,4,21.891,384,102,90,70,68,13,4,0.0,Sunny,0
2015-08-01,8,2015,5,30.268,653,99,86,64,61,10,3,0.0,Sunny,0
2015-08-02,8,2015,6,29.458000000000002,561,100,88,66,61,10,3,0.0,Sunny,0
2015-08-03,8,2015,0,22.646,424,99,87,69,64,13,4,0.0,Sunny,0
2015-08-04,8,2015,1,20.225,360,100,89,74,70,12,6,0.0,Sunny,0
2015-08-05,8,2015,2,18.308,509,101,90,75,71,13,7,0.0,Sunny,0
2015-08-06,8,2015,3,18.495,436,102,90,73,71,13,7,0.0,Sunny,0
2015-08-07,8,2015,4,22.590999999999998,457,101,89,73,70,13,6,0.0,Sunny,0
2015-08-08,8,2015,5,29.529,673,103,90,73,73,20,10,0.0,Sunny,0
2015-08-09,8,2015,6,24.276,500,103,89,62,57,13,5,0.0,Sunny,0
2015-08-10,8,2015,0,19.897000000000002,302,105,90,62,57,14,6,0.0,Sunny,0
2015-08-11,8,2015,1,22.302,275,105,90,62,57,13,5,0.0,Sunny,0
2015-08-12,8,2015,2,19.164,433,105,92,69,68,13,3,0.0,Sunny,0
2015-08-13,8,2015,3,16.942999999999998,300,104,91,70,67,10,3,0.0,Sunny,0
2015-08-14,8,2015,4,27.454,414,101,90,74,69,10,4,0.0,Sunny,0
2015-08-15,8,2015,5,30.022,641,98,89,73,66,10,3,0.0,Thunderstorm,0
2015-08-16,8,2015,6,28.296999999999997,461,98,87,70,67,13,4,0.0,Sunny,0
2015-08-17,8,2015,0,27.084,321,98,86,71,68,12,4,0.0,Sunny,0
2015-08-18,8,2015,1,19.232,393,99,88,73,70,14,7,0.0,Sunny,0
2015-08-19,8,2015,2,20.857,391,99,89,74,72,13,6,0.0,Sunny,0
2015-08-20,8,2015,3,17.304000000000002,296,84,79,74,71,13,4,0.35,"Rain , Thunderstorm",0.1-0.5
2015-08-21,8,2015,4,29.69,451,92,82,74,71,14,5,0.005,Rain,0.1-0.5
2015-08-22,8,2015,5,29.478,688,99,87,75,73,13,6,0.0,Sunny,0
2015-08-23,8,2015,6,24.416999999999998,453,101,89,76,72,12,5,0.0,Sunny,0
2015-08-24,8,2015,0,18.986,290,101,89,73,68,9,2,0.0,Sunny,0
2015-08-25,8,2015,1,22.425,280,101,89,71,68,12,3,0.0,Sunny,0
2015-08-26,8,2015,2,16.589000000000002,319,98,86,71,68,8,3,0.0,Sunny,0
2015-08-27,8,2015,3,20.88,351,98,86,72,64,12,4,0.0,Sunny,0
2015-08-28,8,2015,4,22.615,327,98,85,65,60,12,4,0.0,Sunny,0
2015-08-29,8,2015,5,29.818,742,95,83,65,63,9,3,0.0,Sunny,0
2015-08-30,8,2015,6,25.724,450,96,86,67,65,10,3,0.0,Sunny,0
2015-08-31,8,2015,0,17.274,380,97,86,72,67,16,5,0.0,Sunny,0
2015-09-01,9,2015,1,15.763,334,94,84,72,69,14,5,0.0,Sunny,0
2015-09-02,9,2015,2,19.035,344,95,83,70,67,12,4,0.0,Sunny,0
2015-09-03,9,2015,3,18.684,370,94,84,71,69,13,3,0.0,Sunny,0
2015-09-04,9,2015,4,25.478,575,100,88,74,72,14,6,0.0,Sunny,0
2015-09-05,9,2015,5,41.146,707,101,90,77,73,16,7,0.01,Sunny,0.1-0.5
2015-09-06,9,2015,6,34.857,874,100,88,75,71,12,6,0.0,Sunny,0
2015-09-07,9,2015,0,33.234,638,100,88,74,70,13,6,0.0,Sunny,0
2015-09-08,9,2015,1,17.292,318,99,88,74,71,10,5,0.0,Sunny,0
2015-09-09,9,2015,2,19.098,328,93,84,75,73,10,3,1.05,"Rain , Thunderstorm",0.5-2
2015-09-10,9,2015,3,20.56,248,96,84,76,73,16,2,0.79,"Fog , Rain , Thunderstorm",0.5-2
2015-09-11,9,2015,4,24.471999999999998,472,93,84,75,73,12,3,0.005,Sunny,0.1-0.5
2015-09-12,9,2015,5,33.141999999999996,724,91,80,72,57,13,5,0.0,Sunny,0
2015-09-13,9,2015,6,27.839000000000002,590,91,77,58,51,13,4,0.0,Sunny,0
2015-09-14,9,2015,0,18.398,407,90,77,68,57,12,5,0.0,Sunny,0
2015-09-15,9,2015,1,21.877,351,95,84,72,70,16,5,0.005,Sunny,0.1-0.5
2015-09-16,9,2015,2,16.327,272,93,84,74,72,13,6,0.04,Rain,0.1-0.5
2015-09-17,9,2015,3,15.659,405,96,86,73,71,13,6,0.0,Sunny,0
2015-09-18,9,2015,4,23.358,517,96,86,73,70,12,6,0.0,Sunny,0
2015-09-19,9,2015,5,27.101999999999997,639,96,85,73,68,9,3,0.0,Sunny,0
2015-09-20,9,2015,6,35.873000000000005,557,95,82,70,63,9,3,0.0,Sunny,0
2015-09-21,9,2015,0,21.377,387,95,84,71,64,12,4,0.0,Sunny,0
2015-09-22,9,2015,1,15.757,301,97,84,67,64,10,4,0.0,Sunny,0
2015-09-23,9,2015,2,20.656,378,94,81,69,62,10,2,0.0,Sunny,0
2015-09-24,9,2015,3,21.155,375,95,82,64,58,10,2,0.0,Sunny,0
2015-09-25,9,2015,4,27.345,440,96,84,67,64,12,2,0.005,"Rain , Thunderstorm",0.1-0.5
2015-09-26,9,2015,5,33.178000000000004,774,95,82,65,59,12,3,0.0,Sunny,0
2015-09-27,9,2015,6,29.908,489,95,81,67,59,13,2,0.0,Sunny,0
2015-09-28,9,2015,0,23.668000000000003,385,89,79,66,63,12,3,0.0,Sunny,0
2015-09-29,9,2015,1,18.725,367,94,81,66,64,10,2,0.0,Sunny,0
2015-09-30,9,2015,2,21.449,379,95,83,65,62,10,2,0.0,Sunny,0
2015-10-01,10,2015,3,22.465999999999998,522,94,82,63,60,12,4,0.0,Sunny,0
2015-10-02,10,2015,4,28.71,1279,89,78,58,50,12,5,0.0,Sunny,0
2015-10-03,10,2015,5,30.741999999999997,1726,87,72,45,43,8,3,0.0,Sunny,0
2015-10-04,10,2015,6,27.16,1541,87,73,50,47,8,2,0.0,Sunny,0
2015-10-05,10,2015,0,23.328000000000003,583,85,76,56,52,9,2,0.0,Sunny,0
2015-10-06,10,2015,1,15.685,530,90,77,56,53,8,3,0.0,Sunny,0
2015-10-07,10,2015,2,16.901,425,91,77,63,58,12,3,0.0,Sunny,0
2015-10-08,10,2015,3,24.71,569,91,80,69,64,10,3,0.0,Sunny,0
2015-10-09,10,2015,4,28.404,1298,88,80,66,64,8,2,0.0,Sunny,0
2015-10-10,10,2015,5,29.598000000000003,1974,90,79,62,59,10,3,0.0,Sunny,0
2015-10-11,10,2015,6,27.16,1693,95,80,64,61,13,4,0.0,Sunny,0
2015-10-12,10,2015,0,27.63,683,99,86,73,67,13,6,0.0,Sunny,0
2015-10-13,10,2015,1,22.826999999999998,467,94,79,73,45,12,5,0.0,Sunny,0
2015-10-14,10,2015,2,26.788,392,96,78,49,41,9,3,0.0,Sunny,0
2015-10-15,10,2015,3,22.483,472,95,79,67,56,12,4,0.0,Sunny,0
2015-10-16,10,2015,4,23.955,584,90,76,66,56,12,2,0.0,Sunny,0
2015-10-17,10,2015,5,36.689,877,88,75,54,48,9,4,0.0,Sunny,0
2015-10-18,10,2015,6,37.044000000000004,708,84,71,42,35,9,4,0.0,Sunny,0
2015-10-19,10,2015,0,20.177,519,86,70,53,45,12,4,0.0,Sunny,0
2015-10-20,10,2015,1,22.799,402,87,73,68,58,13,4,0.0,Sunny,0
2015-10-21,10,2015,2,19.855,359,86,79,70,68,16,8,0.005,Rain,0.1-0.5
2015-10-22,10,2015,3,19.097,310,82,76,74,70,16,7,0.16,Rain,0.1-0.5
2015-10-23,10,2015,4,23.504,252,80,76,76,73,21,6,0.43,"Rain , Thunderstorm",0.1-0.5
2015-10-24,10,2015,5,30.776,49,76,68,74,66,17,9,4.79,Rain,2-10
2015-10-26,10,2015,0,24.401,426,79,69,57,54,15,6,0.0,Sunny,0
2015-10-27,10,2015,1,21.208000000000002,390,84,71,56,53,8,3,0.0,Sunny,0
2015-10-28,10,2015,2,20.526999999999997,564,82,70,54,50,18,4,0.0,Sunny,0
2015-10-29,10,2015,3,26.23,617,81,66,64,54,12,4,0.0,Sunny,0
2015-10-30,10,2015,4,36.849000000000004,139,75,71,73,70,29,8,4.93,"Fog , Rain , Thunderstorm",2-10
2015-10-31,10,2015,5,30.022,589,77,71,73,65,16,4,0.89,"Rain , Thunderstorm",0.5-2
2015-11-01,11,2015,6,45.953,677,75,67,59,57,8,3,0.07,Rain,0.1-0.5
2015-11-02,11,2015,0,26.194000000000003,423,79,68,60,58,10,3,0.0,Fog,0
2015-11-03,11,2015,1,21.083000000000002,360,80,69,62,59,10,3,0.0,Fog,0
2015-11-04,11,2015,2,16.730999999999998,357,78,70,68,64,13,5,0.005,Rain,0.1-0.5
2015-11-05,11,2015,3,17.381,328,85,79,74,72,12,6,0.05,"Rain , Thunderstorm",0.1-0.5
2015-11-06,11,2015,4,27.79,538,76,68,71,54,14,3,0.02,Rain,0.1-0.5
2015-11-07,11,2015,5,24.480999999999998,360,63,60,57,54,17,8,0.53,"Fog , Rain",0.5-2
2015-11-08,11,2015,6,29.006999999999998,698,71,62,47,43,13,5,0.0,Sunny,0
2015-11-09,11,2015,0,27.656999999999996,464,73,63,55,50,6,1,0.0,Sunny,0
2015-11-10,11,2015,1,16.009,328,74,67,67,63,12,4,0.0,Sunny,0
2015-11-11,11,2015,2,20.787,375,85,77,71,64,13,7,0.0,Sunny,0
2015-11-12,11,2015,3,19.872,368,71,64,41,36,16,6,0.0,Sunny,0
2015-11-13,11,2015,4,31.013,464,65,61,43,39,7,4,0.0,Sunny,0
2015-11-14,11,2015,5,39.586,457,65,60,52,46,8,3,0.01,Rain,0.1-0.5
2015-11-15,11,2015,6,44.467,486,70,62,62,53,9,4,0.0,Sunny,0
2015-11-16,11,2015,0,19.205,229,75,70,71,67,16,7,0.01,Rain,0.1-0.5
2015-11-17,11,2015,1,30.363000000000003,237,75,61,70,55,18,4,1.03,Rain,0.5-2
2015-11-18,11,2015,2,16.831,385,72,58,45,42,9,2,0.0,Sunny,0
2015-11-19,11,2015,3,20.160999999999998,429,79,63,51,46,8,1,0.0,Sunny,0
2015-11-20,11,2015,4,21.945,619,77,65,61,55,12,4,0.0,Sunny,0
2015-11-21,11,2015,5,31.423000000000002,442,66,54,63,47,22,7,0.005,Sunny,0.1-0.5
2015-11-22,11,2015,6,32.235,439,59,47,33,29,8,2,0.0,Sunny,0
2015-11-23,11,2015,0,17.887999999999998,259,63,48,41,33,9,2,0.0,Sunny,0
2015-11-24,11,2015,1,19.089000000000002,349,64,56,58,50,9,3,0.0,Sunny,0
2015-11-25,11,2015,2,28.24,354,74,68,64,61,14,5,0.005,Rain,0.1-0.5
2015-11-26,11,2015,3,43.358999999999995,128,74,71,71,69,14,7,0.26,Rain,0.1-0.5
2015-11-30,11,2015,0,20.503,145,55,50,48,45,7,2,0.0,Sunny,0
2015-12-01,12,2015,1,15.772,237,59,53,46,43,7,2,0.0,Sunny,0
2015-12-02,12,2015,2,17.086,255,68,55,48,40,9,3,0.0,Fog,0
2015-12-03,12,2015,3,15.16,256,63,52,38,37,8,1,0.0,Sunny,0
2015-12-04,12,2015,4,15.927,261,63,50,43,38,9,2,0.0,Sunny,0
2015-12-05,12,2015,5,28.335,505,65,51,43,39,9,2,0.0,Sunny,0
2015-12-06,12,2015,6,34.973,488,70,57,51,46,10,2,0.0,Sunny,0
2015-12-07,12,2015,0,20.634,339,69,57,47,43,7,1,0.0,Sunny,0
2015-12-08,12,2015,1,16.238,332,75,59,54,48,12,3,0.0,Sunny,0
2015-12-09,12,2015,2,17.592,348,76,62,50,47,8,2,0.0,Sunny,0
2015-12-10,12,2015,3,23.479,365,78,65,62,58,10,4,0.0,Sunny,0
2015-12-11,12,2015,4,44.693999999999996,396,79,66,65,61,14,6,0.0,Fog,0
2015-12-12,12,2015,5,40.545,310,75,73,70,67,17,9,0.01,Rain,0.1-0.5
2015-12-13,12,2015,6,31.325,200,74,60,69,52,23,4,1.54,Rain,0.5-2
2015-12-14,12,2015,0,24.115,347,75,59,46,41,10,3,0.0,Sunny,0
2015-12-15,12,2015,1,33.893,300,75,64,65,60,9,4,0.0,Sunny,0
2015-12-16,12,2015,2,15.386,280,63,55,39,29,15,8,0.0,Sunny,0
2015-12-17,12,2015,3,17.624000000000002,234,68,54,37,31,14,4,0.0,Sunny,0
2015-12-18,12,2015,4,17.264,231,58,46,35,31,13,3,0.0,Sunny,0
2015-12-19,12,2015,5,34.835,406,66,51,48,40,13,4,0.0,Sunny,0
2015-12-20,12,2015,6,27.811999999999998,218,67,59,62,56,13,5,0.005,Rain,0.1-0.5
2015-12-21,12,2015,0,35.135999999999996,352,76,65,64,61,8,2,0.0,Sunny,0
2015-12-22,12,2015,1,26.598000000000003,400,79,64,66,57,13,5,0.0,Sunny,0
2015-12-23,12,2015,2,24.628,304,81,67,66,54,15,3,0.0,Sunny,0
2015-12-24,12,2015,3,54.176,256,74,63,63,56,10,1,0.0,Sunny,0
2015-12-25,12,2015,4,33.758,322,70,61,66,53,9,2,0.0,Sunny,0
2015-12-26,12,2015,5,39.961999999999996,293,78,74,70,69,21,10,0.1,Rain,0.1-0.5
2015-12-27,12,2015,6,29.0,49,73,55,69,47,21,10,1.32,"Rain , Thunderstorm",0.5-2
2015-12-28,12,2015,0,18.344,128,46,41,34,30,21,8,0.005,Sunny,0.1-0.5
2015-12-29,12,2015,1,21.475,297,49,43,43,36,8,3,0.03,Rain,0.1-0.5
2015-12-30,12,2015,2,33.657,440,57,49,44,42,9,4,0.005,Rain,0.1-0.5
2015-12-31,12,2015,3,36.833,401,53,46,40,39,13,6,0.0,Sunny,0
2016-01-02,1,2016,5,30.124000000000002,372,47,45,42,34,8,2,0.2,Rain,0.1-0.5
2016-01-03,1,2016,6,32.13,708,62,52,43,39,9,3,0.005,Rain,0.1-0.5
2016-01-04,1,2016,0,20.007,610,58,48,33,31,9,4,0.0,Sunny,0
2016-01-05,1,2016,1,18.165,546,56,46,40,36,9,3,0.005,Rain,0.1-0.5
2016-01-06,1,2016,2,15.683,278,53,50,52,47,9,3,0.13,"Rain , Thunderstorm",0.1-0.5
2016-01-07,1,2016,3,20.814,764,73,61,53,50,9,2,0.0,Fog,0
2016-01-08,1,2016,4,23.87,862,66,55,57,50,13,3,0.0,Thunderstorm,0
2016-01-09,1,2016,5,24.389,700,58,48,44,34,18,9,0.0,Sunny,0
2016-01-10,1,2016,6,26.299,428,50,42,28,26,12,4,0.0,Sunny,0
2016-01-11,1,2016,0,16.749000000000002,676,56,45,32,28,7,1,0.0,Sunny,0
2016-01-12,1,2016,1,19.272000000000002,544,66,50,39,34,10,2,0.0,Sunny,0
2016-01-13,1,2016,2,20.836,684,66,52,42,39,10,2,0.0,Sunny,0
2016-01-14,1,2016,3,21.954,568,70,59,55,50,12,3,0.0,Sunny,0
2016-01-15,1,2016,4,23.697,924,70,59,53,39,10,3,0.0,Sunny,0
2016-01-16,1,2016,5,25.633000000000003,796,64,54,43,37,20,5,0.005,Rain,0.1-0.5
2016-01-17,1,2016,6,30.662,930,57,45,35,32,12,3,0.0,Sunny,0
2016-01-18,1,2016,0,27.08,702,59,48,38,36,8,2,0.0,Sunny,0
2016-01-19,1,2016,1,24.761,644,69,56,51,47,14,4,0.0,Sunny,0
2016-01-20,1,2016,2,14.511,446,57,51,51,39,12,4,0.0,Sunny,0
2016-01-21,1,2016,3,21.898000000000003,394,64,54,56,46,22,7,0.01,Rain,0.1-0.5
2016-01-22,1,2016,4,26.48,596,54,46,30,29,18,8,0.0,Sunny,0
2016-01-23,1,2016,5,35.748000000000005,1046,57,44,32,30,8,3,0.0,Sunny,0
2016-01-24,1,2016,6,42.653999999999996,682,70,53,52,41,14,5,0.0,Sunny,0
2016-01-25,1,2016,0,29.209,584,75,66,57,51,10,4,0.0,Sunny,0
2016-01-26,1,2016,1,10.5,320,58,51,36,32,18,10,0.005,Rain,0.1-0.5
2016-01-27,1,2016,2,22.61,364,59,48,30,26,14,5,0.0,Sunny,0
2016-01-28,1,2016,3,23.279,530,71,52,36,32,10,2,0.0,Sunny,0
2016-01-29,1,2016,4,26.281,926,76,57,39,35,14,4,0.0,Sunny,0
2016-01-30,1,2016,5,40.303000000000004,1384,77,62,56,46,14,6,0.0,Sunny,0
2016-01-31,1,2016,6,29.836,1404,86,72,58,54,12,5,0.0,Sunny,0
2016-02-01,2,2016,0,17.277,390,77,66,61,54,18,8,0.0,Fog,0
2016-02-02,2,2016,1,18.483,325,72,62,36,27,16,6,0.0,Sunny,0
2016-02-03,2,2016,2,19.579,252,58,49,27,25,15,7,0.0,Sunny,0
2016-02-04,2,2016,3,21.158,259,59,47,28,23,8,3,0.0,Sunny,0
2016-02-05,2,2016,4,30.408,314,62,48,39,28,15,4,0.0,Sunny,0
2016-02-06,2,2016,5,41.343,496,60,51,41,31,15,7,0.0,"Rain , Thunderstorm",0
2016-02-07,2,2016,6,33.099000000000004,406,68,50,37,33,13,3,0.0,Sunny,0
2016-02-08,2,2016,0,19.783,272,65,56,33,20,17,8,0.0,Sunny,0
2016-02-09,2,2016,1,27.752,302,74,57,33,27,14,6,0.0,Sunny,0
2016-02-10,2,2016,2,32.172,314,74,56,36,33,9,3,0.0,Sunny,0
2016-02-11,2,2016,3,24.803,350,83,68,47,37,13,5,0.0,Sunny,0
2016-02-12,2,2016,4,27.706999999999997,587,79,63,48,43,10,3,0.0,Sunny,0
2016-02-13,2,2016,5,38.992,1013,75,64,54,47,15,6,0.0,Sunny,0
2016-02-14,2,2016,6,40.383,875,75,66,57,55,15,6,0.0,Sunny,0
2016-02-15,2,2016,0,35.436,553,74,62,58,49,16,5,0.0,Sunny,0
2016-02-16,2,2016,1,22.701999999999998,356,82,63,47,40,12,4,0.0,Sunny,0
2016-02-17,2,2016,2,26.926,352,75,63,42,33,13,6,0.0,Sunny,0
2016-02-18,2,2016,3,23.578000000000003,351,79,67,58,54,16,9,0.0,Sunny,0
2016-02-19,2,2016,4,27.749000000000002,463,81,73,62,58,16,8,0.0,Sunny,0
2016-02-20,2,2016,5,36.94,799,76,71,64,62,14,6,0.0,Sunny,0
2016-02-21,2,2016,6,37.336,396,71,68,65,63,9,3,0.01,Rain,0.1-0.5
2016-02-22,2,2016,0,19.97,361,72,65,59,56,12,4,0.0,Sunny,0
2016-02-23,2,2016,1,14.797,153,61,54,58,50,23,9,1.33,"Rain , Thunderstorm",0.5-2
2016-02-24,2,2016,2,28.305,246,65,54,38,30,18,7,0.0,Sunny,0
2016-02-25,2,2016,3,24.488000000000003,328,69,54,34,31,13,5,0.0,Sunny,0
2016-02-26,2,2016,4,22.486,496,64,53,36,29,10,3,0.0,Sunny,0
2016-02-27,2,2016,5,49.049,911,73,58,52,45,14,5,0.0,Sunny,0
2016-02-28,2,2016,6,38.709,577,78,67,59,55,13,7,0.0,Sunny,0
2016-02-29,2,2016,0,22.186999999999998,358,77,70,61,60,13,6,0.0,Sunny,0
2016-03-01,3,2016,1,25.863000000000003,394,81,70,62,55,16,8,0.0,Sunny,0
2016-03-02,3,2016,2,27.065,353,78,64,62,47,16,6,0.0,Sunny,0
2016-03-03,3,2016,3,25.034000000000002,387,83,73,64,50,17,7,0.0,Sunny,0
2016-03-04,3,2016,4,27.811999999999998,628,76,61,47,37,12,4,0.0,Sunny,0
2016-03-05,3,2016,5,37.079,1063,79,68,56,54,12,6,0.0,Sunny,0
2016-03-06,3,2016,6,36.705999999999996,1049,77,68,60,57,16,9,0.0,Sunny,0
2016-03-07,3,2016,0,31.338,396,76,70,65,62,21,11,0.01,Rain,0.1-0.5
2016-03-08,3,2016,1,24.866,454,83,76,69,66,17,9,0.22,"Rain , Thunderstorm",0.1-0.5
2016-03-09,3,2016,2,33.641999999999996,148,71,65,67,58,15,8,2.18,"Rain , Thunderstorm",2-10
2016-03-10,3,2016,3,24.358,310,64,61,61,59,16,8,0.4,Rain,0.1-0.5
2016-03-11,3,2016,4,23.45,789,71,65,63,61,9,3,0.36,"Rain , Thunderstorm",0.1-0.5
2016-03-12,3,2016,5,28.651,1881,74,66,58,56,9,4,0.005,Rain,0.1-0.5
2016-03-13,3,2016,6,25.24,1752,85,71,61,51,15,4,0.0,Sunny,0
2016-03-14,3,2016,0,23.906999999999996,1511,92,73,63,50,14,5,0.0,Sunny,0
2016-03-15,3,2016,1,26.448,1716,92,80,68,58,12,6,0.0,Sunny,0
2016-03-16,3,2016,2,24.739,1945,81,71,67,57,13,5,0.0,Sunny,0
2016-03-17,3,2016,3,24.781,2129,79,73,67,66,7,4,0.02,Rain,0.1-0.5
2016-03-18,3,2016,4,22.746,1967,79,68,69,66,17,5,0.07,"Rain , Thunderstorm",0.1-0.5
2016-03-19,3,2016,5,27.264,1939,62,55,49,36,18,11,0.0,Sunny,0
2016-03-20,3,2016,6,35.187,780,64,53,32,28,15,5,0.0,Sunny,0
2016-03-21,3,2016,0,24.546,511,68,52,39,34,12,4,0.0,Sunny,0
2016-03-22,3,2016,1,25.607,397,78,62,58,50,17,9,0.0,Sunny,0
2016-03-23,3,2016,2,25.703000000000003,505,82,74,65,62,15,9,0.05,Sunny,0.1-0.5
2016-03-24,3,2016,3,26.736,557,70,59,67,46,17,8,0.15,"Rain , Thunderstorm",0.1-0.5
2016-03-25,3,2016,4,30.795,908,73,57,46,41,12,4,0.0,Sunny,0
2016-03-26,3,2016,5,33.003,1182,74,61,57,53,13,4,0.0,Sunny,0
2016-03-27,3,2016,6,38.153,831,74,65,63,55,15,5,0.005,Rain,0.1-0.5
2016-03-28,3,2016,0,25.589000000000002,596,75,62,46,42,10,4,0.0,Sunny,0
2016-03-29,3,2016,1,24.764,406,69,64,68,62,13,6,0.02,Rain,0.1-0.5
2016-03-30,3,2016,2,18.014,359,77,73,70,69,14,7,0.03,Rain,0.1-0.5
2016-03-31,3,2016,3,23.136999999999997,546,86,76,69,56,12,5,0.0,Sunny,0
2016-05-01,5,2016,6,42.192,662,78,72,65,60,13,7,0.005,Sunny,0.1-0.5
2016-05-02,5,2016,0,18.977,389,70,64,54,51,15,7,0.005,"Rain , Thunderstorm",0.1-0.5
2016-05-03,5,2016,1,27.088,444,78,67,51,48,12,4,0.0,Sunny,0
2016-05-04,5,2016,2,29.813000000000002,406,87,71,55,51,13,5,0.0,Sunny,0
2016-05-05,5,2016,3,24.754,501,89,74,56,53,8,4,0.0,Sunny,0
2016-05-06,5,2016,4,30.933000000000003,719,86,71,55,53,10,3,0.0,Sunny,0
2016-05-07,5,2016,5,35.824,897,85,73,62,58,17,6,0.0,Sunny,0
2016-05-08,5,2016,6,44.53,302,73,70,69,65,17,8,0.11,Rain,0.1-0.5
2016-05-09,5,2016,0,26.094,459,87,77,70,66,16,7,0.0,Sunny,0
2016-05-10,5,2016,1,29.748,453,91,79,74,70,17,8,0.27,"Rain , Thunderstorm",0.1-0.5
2016-05-11,5,2016,2,28.464000000000002,558,87,76,73,67,18,6,0.33,"Rain , Thunderstorm",0.1-0.5
2016-05-12,5,2016,3,19.844,495,84,76,70,68,17,4,0.11,"Rain , Thunderstorm",0.1-0.5
2016-05-13,5,2016,4,40.922,783,87,79,70,67,8,4,0.005,Sunny,0.1-0.5
2016-05-14,5,2016,5,43.905,566,81,72,71,68,9,2,0.77,"Rain , Thunderstorm",0.5-2
2016-05-15,5,2016,6,36.474000000000004,854,72,67,67,62,9,4,0.23,Rain,0.1-0.5
2016-05-16,5,2016,0,39.385999999999996,515,80,74,67,66,12,5,0.26,Rain,0.1-0.5
2016-05-17,5,2016,1,22.52,467,82,74,69,66,20,5,0.2,"Rain , Thunderstorm",0.1-0.5
2016-05-18,5,2016,2,28.180999999999997,587,78,71,63,61,15,7,0.16,"Rain , Thunderstorm",0.1-0.5
2016-05-19,5,2016,3,28.793000000000003,299,76,69,65,61,15,5,2.25,"Rain , Thunderstorm",2-10
2016-05-20,5,2016,4,31.49,936,83,73,66,62,8,3,0.0,Sunny,0
2016-05-21,5,2016,5,45.276,1001,83,77,74,69,9,4,0.0,Sunny,0
2016-05-22,5,2016,6,53.64,616,87,80,75,72,14,5,0.005,Sunny,0.1-0.5
2016-05-23,5,2016,0,28.113000000000003,451,85,78,75,72,14,7,0.01,Rain,0.1-0.5
2016-05-24,5,2016,1,41.412,413,87,81,74,72,13,8,0.0,Sunny,0
2016-05-25,5,2016,2,23.846999999999998,443,86,82,77,75,13,6,0.0,Sunny,0
2016-05-26,5,2016,3,31.315,391,90,79,78,73,16,7,0.52,"Rain , Thunderstorm",0.5-2
2016-05-27,5,2016,4,27.44,530,77,71,69,66,12,6,0.35,"Rain , Thunderstorm",0.1-0.5
2016-05-28,5,2016,5,39.134,1137,91,78,77,69,13,5,0.02,"Fog , Rain , Thunderstorm",0.1-0.5
2016-05-29,5,2016,6,38.529,1489,88,79,74,71,14,6,0.18,"Rain , Thunderstorm",0.1-0.5
2016-05-30,5,2016,0,43.138999999999996,782,89,78,72,67,13,5,0.31,"Rain , Thunderstorm",0.1-0.5
2016-05-31,5,2016,1,21.531,226,82,75,75,71,14,3,1.07,"Rain , Thunderstorm",0.5-2
2016-06-01,6,2016,2,37.306999999999995,417,87,78,72,69,10,2,0.19,Rain,0.1-0.5
2016-06-02,6,2016,3,29.94,364,84,76,72,69,10,4,0.36,"Rain , Thunderstorm",0.1-0.5
2016-06-03,6,2016,4,28.811,512,85,75,70,66,10,3,1.61,"Rain , Thunderstorm",0.5-2
2016-06-04,6,2016,5,36.564,795,86,77,71,68,13,5,0.1,Rain,0.1-0.5
2016-06-05,6,2016,6,37.25,876,88,78,68,62,14,6,0.0,Sunny,0
2016-06-06,6,2016,0,25.426,519,90,80,63,59,13,4,0.0,Sunny,0
2016-06-07,6,2016,1,29.391,478,92,81,70,65,8,2,0.0,Sunny,0
2016-06-08,6,2016,2,24.206999999999997,397,92,81,72,70,12,3,0.0,Sunny,0
2016-06-09,6,2016,3,28.296999999999997,501,92,82,72,70,20,5,0.0,Sunny,0
2016-06-10,6,2016,4,29.057,540,91,80,73,71,10,3,0.0,Sunny,0
2016-06-11,6,2016,5,39.036,893,93,85,75,74,12,6,0.0,Sunny,0
2016-06-12,6,2016,6,33.056,620,94,86,77,76,14,6,0.0,Sunny,0
2016-06-13,6,2016,0,25.278000000000002,468,94,85,76,75,12,5,0.0,Sunny,0
2016-06-14,6,2016,1,24.206999999999997,512,94,86,76,74,12,6,0.0,Sunny,0
2016-06-15,6,2016,2,23.314,363,96,87,75,73,13,7,0.0,Sunny,0
2016-06-16,6,2016,3,26.006999999999998,429,96,86,75,73,14,6,0.0,Sunny,0
2016-06-17,6,2016,4,28.677,582,97,87,75,73,10,6,0.0,Sunny,0
2016-06-18,6,2016,5,34.692,754,96,86,75,73,10,4,0.0,Sunny,0
2016-06-19,6,2016,6,48.233000000000004,589,94,86,76,73,12,4,0.0,Sunny,0
2016-06-20,6,2016,0,21.924,422,95,85,74,71,9,4,0.0,Sunny,0
2016-06-21,6,2016,1,20.598000000000003,410,96,86,73,71,9,4,0.0,Sunny,0
2016-06-22,6,2016,2,39.801,453,96,86,74,72,13,6,0.0,Sunny,0
2016-06-23,6,2016,3,26.709,437,95,85,73,72,14,6,0.0,Sunny,0
2016-06-24,6,2016,4,30.349,614,93,84,74,73,13,6,0.0,Sunny,0
2016-06-25,6,2016,5,33.523,703,88,83,78,75,10,5,0.02,"Rain , Thunderstorm",0.1-0.5
2016-06-26,6,2016,6,40.015,590,95,86,76,73,13,5,0.0,Sunny,0
2016-06-27,6,2016,0,24.009,432,96,86,75,71,8,2,0.0,Sunny,0
2016-06-28,6,2016,1,26.73,252,101,87,73,71,26,3,0.33,"Rain , Thunderstorm",0.1-0.5
2016-06-29,6,2016,2,26.779,417,96,84,75,70,9,2,0.0,Sunny,0
2016-06-30,6,2016,3,22.791,422,94,85,74,71,10,4,0.0,Sunny,0
2016-07-01,7,2016,4,29.674,521,96,85,74,71,10,5,0.0,Sunny,0
2016-07-02,7,2016,5,42.708,837,98,87,74,73,14,7,0.0,Sunny,0
2016-07-03,7,2016,6,35.88,956,98,88,75,74,15,8,0.0,Sunny,0
2016-07-04,7,2016,0,38.97,975,99,90,75,74,14,8,0.0,Sunny,0
2016-07-05,7,2016,1,29.523000000000003,373,99,89,75,74,16,8,0.0,Sunny,0
2016-07-06,7,2016,2,27.671,346,100,90,75,73,16,8,0.0,Sunny,0
2016-07-07,7,2016,3,23.636999999999997,372,99,89,74,73,16,9,0.0,Sunny,0
2016-07-08,7,2016,4,29.18,428,100,90,75,73,14,7,0.0,Sunny,0
2016-07-09,7,2016,5,39.426,537,99,89,76,73,13,7,0.0,Sunny,0
2016-07-10,7,2016,6,36.108000000000004,498,97,87,78,74,14,6,0.04,"Rain , Thunderstorm",0.1-0.5
2016-07-11,7,2016,0,25.84,375,100,90,75,71,17,9,0.0,Sunny,0
2016-07-12,7,2016,1,23.276,463,100,89,74,72,17,9,0.0,Sunny,0
2016-07-13,7,2016,2,26.24,480,101,91,76,73,15,8,0.0,Sunny,0
2016-07-14,7,2016,3,33.625,424,101,89,74,73,17,8,0.0,Sunny,0
2016-07-15,7,2016,4,31.173000000000002,508,101,90,75,71,13,7,0.0,Sunny,0
2016-07-16,7,2016,5,40.273,640,100,88,74,72,12,5,0.0,Sunny,0
2016-07-17,7,2016,6,44.378,513,99,88,74,72,12,7,0.0,Sunny,0
2016-07-18,7,2016,0,38.208,355,99,89,75,72,14,5,0.0,Sunny,0
2016-07-19,7,2016,1,26.6,325,100,89,74,72,15,5,0.0,Sunny,0
2016-07-20,7,2016,2,37.4,355,101,89,75,72,13,5,0.0,Sunny,0
2016-07-21,7,2016,3,25.886999999999997,423,101,89,73,69,12,4,0.0,Sunny,0
2016-07-22,7,2016,4,32.416,404,102,89,73,69,12,4,0.0,Sunny,0
2016-07-23,7,2016,5,40.025,690,101,90,74,71,13,6,0.0,Sunny,0
2016-07-24,7,2016,6,41.583999999999996,527,101,90,75,73,13,5,0.0,Sunny,0
2016-07-25,7,2016,0,21.101,355,102,89,76,73,21,3,0.76,"Rain , Thunderstorm",0.5-2
2016-07-26,7,2016,1,23.881999999999998,417,93,84,77,75,9,2,0.08,"Rain , Thunderstorm",0.1-0.5
2016-07-27,7,2016,2,24.239,247,92,83,78,74,16,3,1.06,"Fog , Rain , Thunderstorm",0.5-2
2016-07-28,7,2016,3,30.287,390,97,86,76,73,22,3,0.0,Thunderstorm,0
2016-07-29,7,2016,4,24.19,532,96,85,75,72,9,4,0.0,Sunny,0
2016-07-30,7,2016,5,36.174,729,97,87,76,73,12,5,0.0,Sunny,0
2016-07-31,7,2016,6,28.340999999999998,569,98,88,75,73,13,6,0.0,Sunny,0
2016-08-01,8,2016,0,34.482,386,99,87,74,70,13,6,0.0,Sunny,0
2016-08-02,8,2016,1,21.0,376,98,87,74,72,12,5,0.0,Sunny,0
2016-08-03,8,2016,2,19.949,486,99,88,74,72,10,4,0.0,Sunny,0
2016-08-04,8,2016,3,29.368000000000002,516,99,88,75,72,12,5,0.0,Sunny,0
2016-08-05,8,2016,4,27.674,433,100,89,76,73,12,5,0.0,Sunny,0
2016-08-06,8,2016,5,33.510999999999996,724,100,89,75,71,12,4,0.0,Sunny,0
2016-08-07,8,2016,6,34.611999999999995,585,100,89,75,72,12,6,0.0,Sunny,0
2016-08-08,8,2016,0,30.881,361,100,89,75,72,10,5,0.0,Sunny,0
2016-08-09,8,2016,1,24.445999999999998,327,102,91,76,73,13,6,0.0,Sunny,0
2016-08-10,8,2016,2,22.288,330,102,92,77,73,12,5,0.0,Sunny,0
2016-08-11,8,2016,3,27.313000000000002,339,102,90,76,74,12,5,0.0,Sunny,0
2016-08-12,8,2016,4,28.482,413,105,92,76,73,15,5,0.0,Sunny,0
2016-08-13,8,2016,5,46.574,437,96,87,76,73,13,3,0.1,"Rain , Thunderstorm",0.1-0.5
2016-08-14,8,2016,6,31.924,237,84,78,76,75,15,3,0.92,"Rain , Thunderstorm",0.5-2
2016-08-15,8,2016,0,18.407,113,76,74,73,72,7,2,2.35,Rain,2-10
2016-08-16,8,2016,1,34.888000000000005,134,83,77,76,73,10,3,1.79,"Fog , Rain , Thunderstorm",0.5-2
2016-08-17,8,2016,2,19.304000000000002,240,84,80,78,75,12,3,0.3,"Rain , Thunderstorm",0.1-0.5
2016-08-18,8,2016,3,45.803999999999995,240,88,81,80,75,12,2,0.17,Rain,0.1-0.5
2016-08-19,8,2016,4,25.605999999999998,421,93,84,77,75,10,5,0.06,Rain,0.1-0.5
2016-08-20,8,2016,5,42.575,402,83,78,77,74,10,4,0.74,"Rain , Thunderstorm",0.5-2
2016-08-21,8,2016,6,33.789,370,82,78,75,73,8,2,0.11,Rain,0.1-0.5
2016-08-22,8,2016,0,27.994,315,91,83,77,74,13,4,0.04,Rain,0.1-0.5
2016-08-23,8,2016,1,25.791999999999998,341,94,86,76,74,13,7,0.0,Sunny,0
2016-08-24,8,2016,2,24.219,392,93,85,75,73,13,6,0.0,Sunny,0
2016-08-25,8,2016,3,33.58,369,94,84,75,73,13,2,0.04,Sunny,0.1-0.5
2016-08-26,8,2016,4,30.368000000000002,459,93,84,75,73,13,3,0.0,Sunny,0
2016-08-27,8,2016,5,30.983,758,92,82,73,71,12,3,0.0,Sunny,0
2016-08-28,8,2016,6,32.687,457,92,83,75,72,12,3,0.16,Rain,0.1-0.5
2016-08-29,8,2016,0,25.209,225,91,82,75,72,16,5,0.06,Rain,0.1-0.5
2016-08-30,8,2016,1,16.722,345,92,83,73,72,12,4,0.0,Sunny,0
2016-08-31,8,2016,2,18.345,284,94,84,74,72,9,2,0.09,Rain,0.1-0.5
2016-09-01,9,2016,3,19.98,349,96,86,74,72,10,4,0.0,Sunny,0
2016-09-02,9,2016,4,26.844,550,92,84,75,72,9,3,0.0,Sunny,0
2016-09-03,9,2016,5,45.063,857,92,83,74,72,10,3,0.005,Sunny,0.1-0.5
2016-09-04,9,2016,6,34.375,1083,93,84,75,73,13,3,0.01,"Rain , Thunderstorm",0.1-0.5
2016-09-05,9,2016,0,40.226,669,94,84,77,74,14,5,0.005,"Rain , Thunderstorm",0.1-0.5
2016-09-06,9,2016,1,29.155,284,95,86,78,76,17,6,0.01,"Rain , Thunderstorm",0.1-0.5
2016-09-07,9,2016,2,15.575,292,96,87,77,76,13,6,0.0,Sunny,0
2016-09-08,9,2016,3,22.461,412,95,86,76,73,12,6,0.0,Sunny,0
2016-09-09,9,2016,4,30.011,535,95,86,75,73,13,6,0.0,Sunny,0
2016-09-10,9,2016,5,39.685,626,93,82,75,71,18,6,0.05,Rain,0.1-0.5
2016-09-11,9,2016,6,29.361,523,93,81,68,66,7,2,0.0,Sunny,0
2016-09-12,9,2016,0,22.147,368,93,82,73,69,10,3,0.0,Sunny,0
2016-09-13,9,2016,1,16.497,348,94,84,75,72,9,3,0.005,Rain,0.1-0.5
2016-09-14,9,2016,2,16.875,297,92,84,76,71,14,3,0.005,Rain,0.1-0.5
2016-09-15,9,2016,3,27.366,413,94,83,74,71,12,3,0.0,Sunny,0
2016-09-16,9,2016,4,26.074,473,95,85,74,71,9,2,0.0,Sunny,0
2016-09-17,9,2016,5,52.73,610,96,85,75,72,7,1,0.0,Sunny,0
2016-09-18,9,2016,6,33.924,393,98,87,75,73,8,2,0.0,Sunny,0
2016-09-19,9,2016,0,21.197,315,99,88,75,73,10,3,0.0,Sunny,0
2016-09-20,9,2016,1,15.884,327,99,87,75,71,10,3,0.0,Sunny,0
2016-09-21,9,2016,2,22.78,368,96,86,75,69,10,2,0.0,Sunny,0
2016-09-22,9,2016,3,20.47,394,94,82,74,69,14,5,0.0,Sunny,0
2016-09-23,9,2016,4,29.078000000000003,575,93,85,77,74,14,5,0.03,Rain,0.1-0.5
2016-09-24,9,2016,5,32.598,684,97,87,76,74,15,5,0.01,"Rain , Thunderstorm",0.1-0.5
2016-09-25,9,2016,6,27.217,419,88,79,76,73,13,4,0.76,"Fog , Rain , Thunderstorm",0.5-2
2016-09-26,9,2016,0,23.06,232,73,70,72,69,13,6,1.22,Rain,0.5-2
2016-09-27,9,2016,1,19.797,379,80,74,64,62,9,3,0.0,Sunny,0
2016-09-28,9,2016,2,27.44,464,89,77,65,60,8,1,0.0,Sunny,0
2016-09-29,9,2016,3,25.019000000000002,752,86,75,62,55,12,5,0.0,Sunny,0
2016-09-30,9,2016,4,24.638,1251,83,72,55,52,8,2,0.0,Sunny,0
2016-10-01,10,2016,5,37.705999999999996,1831,80,70,61,56,7,1,0.005,Sunny,0.1-0.5
2016-10-02,10,2016,6,29.581,1790,85,72,60,58,8,2,0.0,Sunny,0
2016-10-03,10,2016,0,34.059,660,87,75,64,61,10,3,0.0,Sunny,0
2016-10-04,10,2016,1,26.546999999999997,373,91,81,72,69,12,5,0.0,Sunny,0
2016-10-05,10,2016,2,20.592,419,92,84,74,72,13,5,0.0,Sunny,0
2016-10-06,10,2016,3,25.052,578,92,84,74,72,16,5,0.005,Sunny,0.1-0.5
2016-10-07,10,2016,4,32.284,1344,89,76,73,69,16,5,0.005,Rain,0.1-0.5
2016-10-08,10,2016,5,35.909,2066,86,74,63,60,9,5,0.0,Sunny,0
2016-10-09,10,2016,6,31.166999999999998,1863,84,71,58,47,8,4,0.0,Sunny,0
2016-10-10,10,2016,0,28.594,967,84,68,52,46,7,1,0.0,Sunny,0
2016-10-11,10,2016,1,23.276999999999997,656,88,71,59,53,9,1,0.0,Sunny,0
2016-10-12,10,2016,2,24.424,458,91,76,72,65,10,3,0.0,Sunny,0
2016-10-13,10,2016,3,21.123,405,89,79,73,69,12,2,0.17,Rain,0.1-0.5
2016-10-14,10,2016,4,26.743000000000002,658,87,77,71,67,14,3,0.005,"Fog , Rain",0.1-0.5
2016-10-15,10,2016,5,30.086,882,91,81,71,70,12,4,0.0,Sunny,0
2016-10-16,10,2016,6,42.619,491,94,85,72,70,14,5,0.0,Sunny,0
2016-10-17,10,2016,0,20.868000000000002,333,94,84,72,70,12,6,0.0,Sunny,0
2016-10-18,10,2016,1,28.555999999999997,390,93,84,73,71,13,6,0.0,Sunny,0
2016-10-19,10,2016,2,26.033,332,92,84,74,71,12,5,0.0,Sunny,0
2016-10-20,10,2016,3,23.585,496,83,74,70,61,17,7,0.0,Sunny,0
2016-10-21,10,2016,4,36.054,647,77,65,47,45,9,3,0.0,Sunny,0
2016-10-22,10,2016,5,39.552,759,80,64,48,45,9,2,0.0,Sunny,0
2016-10-23,10,2016,6,34.933,522,84,70,62,55,13,3,0.005,"Rain , Thunderstorm",0.1-0.5
2016-10-24,10,2016,0,25.721,551,86,77,67,64,10,4,0.005,Sunny,0.1-0.5
2016-10-25,10,2016,1,20.543000000000003,359,86,77,66,63,10,3,0.0,Sunny,0
2016-10-26,10,2016,2,28.936,455,87,76,66,62,10,2,0.0,Sunny,0
2016-10-27,10,2016,3,21.688000000000002,465,88,76,67,62,9,3,0.0,Sunny,0
2016-10-28,10,2016,4,26.961,640,86,74,64,60,12,2,0.0,Sunny,0
2016-10-29,10,2016,5,30.869,799,86,75,65,62,12,2,0.0,Sunny,0
2016-10-30,10,2016,6,37.126,681,87,76,67,63,10,2,0.0,Sunny,0
2016-10-31,10,2016,0,24.212,515,86,73,69,62,12,3,0.0,Fog,0
2016-11-01,11,2016,1,23.476,378,91,81,73,71,15,5,0.33,"Rain , Thunderstorm",0.1-0.5
2016-11-02,11,2016,2,17.441,272,88,81,74,72,12,6,0.01,Rain,0.1-0.5
2016-11-03,11,2016,3,27.392,278,80,74,73,70,16,5,1.07,"Fog , Rain , Thunderstorm",0.5-2
2016-11-04,11,2016,4,30.686999999999998,598,73,71,67,66,8,4,0.0,Sunny,0
2016-11-05,11,2016,5,42.97,639,72,68,68,66,7,2,0.24,Rain,0.1-0.5
2016-11-06,11,2016,6,36.195,436,76,68,67,60,12,2,0.07,Rain,0.1-0.5
2016-11-07,11,2016,0,31.353,326,71,66,69,65,7,2,0.08,Rain,0.1-0.5
2016-11-08,11,2016,1,23.07,300,69,66,66,64,10,4,0.49,"Rain , Thunderstorm",0.1-0.5
2016-11-09,11,2016,2,18.497,312,65,63,62,61,10,6,0.17,Rain,0.1-0.5
2016-11-10,11,2016,3,21.358,701,71,64,58,55,8,3,0.0,Sunny,0
2016-11-11,11,2016,4,31.86,967,74,65,60,57,8,2,0.005,Rain,0.1-0.5
2016-11-12,11,2016,5,37.951,994,77,67,58,57,9,4,0.0,Sunny,0
2016-11-13,11,2016,6,35.034,860,76,65,58,55,7,2,0.0,Sunny,0
2016-11-14,11,2016,0,26.502,478,82,69,62,58,9,2,0.0,Fog,0
2016-11-15,11,2016,1,18.158,423,86,73,58,55,8,2,0.0,Sunny,0
2016-11-16,11,2016,2,15.677,353,86,71,57,52,9,3,0.0,Sunny,0
2016-11-17,11,2016,3,18.692999999999998,414,82,70,66,61,15,7,0.0,Sunny,0
2016-11-18,11,2016,4,24.768,392,79,66,68,55,17,7,0.005,Rain,0.1-0.5
2016-11-19,11,2016,5,38.071,532,63,52,33,30,13,5,0.0,Sunny,0
2016-11-20,11,2016,6,34.55,484,67,51,36,32,10,2,0.0,Sunny,0
2016-11-21,11,2016,0,27.595,526,77,61,57,48,13,5,0.0,Sunny,0
2016-11-22,11,2016,1,21.421999999999997,301,76,69,69,64,13,5,0.49,"Rain , Thunderstorm",0.1-0.5
2016-11-23,11,2016,2,33.102,520,73,62,69,54,14,3,0.13,Rain,0.1-0.5
2016-11-24,11,2016,3,47.11,374,76,61,60,52,8,1,0.0,Sunny,0
2016-11-25,11,2016,4,35.351,382,66,61,60,57,10,4,0.03,Rain,0.1-0.5
2016-11-26,11,2016,5,42.331,547,70,62,56,51,7,2,0.0,Sunny,0
2016-11-27,11,2016,6,34.452,405,76,66,65,59,14,6,0.0,Sunny,0
2016-11-28,11,2016,0,24.314,280,79,65,66,49,17,6,0.0,Sunny,0
2016-11-29,11,2016,1,16.378,296,79,64,48,42,8,3,0.0,Sunny,0
2016-11-30,11,2016,2,14.074000000000002,269,67,55,42,33,13,4,0.0,Sunny,0
2017-01-01,1,2017,6,46.62,757,73,63,60,52,7,2,0.0,Fog,0
2017-01-02,1,2017,0,38.46,557,73,64,62,54,15,5,0.4,"Rain , Thunderstorm",0.1-0.5
2017-01-03,1,2017,1,31.537,339,75,60,44,39,12,4,0.0,Sunny,0
2017-01-04,1,2017,2,27.658,199,48,42,31,28,10,6,0.0,Sunny,0
2017-01-05,1,2017,3,20.038,236,62,49,47,35,15,4,0.0,Sunny,0
2017-01-06,1,2017,4,11.158,101,34,29,18,15,17,10,0.0,Sunny,0
2017-01-07,1,2017,5,31.467,75,44,32,13,11,12,4,0.0,Sunny,0
2017-01-08,1,2017,6,28.824,210,53,37,32,18,14,4,0.0,Sunny,0
2017-01-09,1,2017,0,28.495,293,71,57,55,47,15,5,0.0,Sunny,0
2017-01-10,1,2017,1,23.933000000000003,312,79,69,58,56,17,7,0.0,Sunny,0
2017-01-11,1,2017,2,21.691999999999997,276,80,70,63,60,16,8,0.0,Sunny,0
2017-01-12,1,2017,3,19.839000000000002,279,81,74,65,63,14,8,0.0,Sunny,0
2017-01-13,1,2017,4,28.646,395,78,67,69,63,14,7,0.65,"Fog , Rain",0.5-2
2017-01-14,1,2017,5,37.249,497,56,52,51,50,8,4,0.07,Rain,0.1-0.5
2017-01-15,1,2017,6,25.489,178,73,62,66,59,17,5,0.61,"Rain , Thunderstorm",0.5-2
2017-01-16,1,2017,0,33.033,332,70,64,61,56,9,1,0.3,"Rain , Thunderstorm",0.1-0.5
2017-01-17,1,2017,1,16.87,100,59,54,55,48,14,6,1.57,"Fog , Rain , Thunderstorm",0.5-2
2017-01-18,1,2017,2,14.937000000000001,127,56,52,52,48,9,4,0.51,"Rain , Thunderstorm",0.5-2
2017-01-19,1,2017,3,21.160999999999998,311,71,62,55,52,12,3,0.005,Rain,0.1-0.5
2017-01-20,1,2017,4,38.95,439,76,62,55,50,8,1,0.0,Sunny,0
2017-01-21,1,2017,5,42.979,827,81,65,58,51,21,6,0.02,Fog,0.1-0.5
2017-01-22,1,2017,6,50.141000000000005,334,70,62,42,34,24,11,0.0,Sunny,0
2017-01-23,1,2017,0,24.35,311,76,61,39,36,10,4,0.0,Sunny,0
2017-01-24,1,2017,1,20.552,239,84,67,64,51,14,7,0.0,Sunny,0
2017-01-25,1,2017,2,20.583000000000002,276,69,59,63,36,15,7,0.0,Sunny,0
2017-01-26,1,2017,3,18.616,258,59,50,30,27,10,3,0.0,Sunny,0
2017-01-27,1,2017,4,21.21,338,58,48,30,24,13,5,0.0,Sunny,0
2017-01-28,1,2017,5,55.428000000000004,404,61,50,37,31,14,6,0.005,Rain,0.1-0.5
2017-01-29,1,2017,6,42.361000000000004,454,70,55,34,30,14,6,0.0,Sunny,0
2017-01-30,1,2017,0,18.093,258,79,63,35,30,12,5,0.0,Sunny,0
2017-01-31,1,2017,1,20.082,318,78,61,50,36,13,4,0.0,Sunny,0
2017-02-01,2,2017,2,21.166,295,82,67,59,52,14,4,0.0,Sunny,0
2017-02-02,2,2017,3,12.899000000000001,218,64,55,39,35,13,7,0.0,Sunny,0
2017-02-03,2,2017,4,16.582,237,53,49,37,34,13,6,0.005,Sunny,0.1-0.5
2017-02-04,2,2017,5,26.141,128,51,49,52,46,9,1,0.02,Rain,0.1-0.5
2017-02-05,2,2017,6,41.515,307,72,62,64,59,12,3,0.005,Fog,0.1-0.5
2017-02-06,2,2017,0,24.320999999999998,315,78,73,67,65,12,5,0.005,Rain,0.1-0.5
2017-02-07,2,2017,1,29.962,344,86,71,66,54,13,2,0.0,Sunny,0
2017-02-08,2,2017,2,17.896,338,87,69,46,41,18,5,0.0,Sunny,0
2017-02-09,2,2017,3,20.756999999999998,341,68,56,37,31,10,5,0.0,Sunny,0
2017-02-10,2,2017,4,28.288,468,79,65,63,51,7,3,0.0,Sunny,0
2017-02-11,2,2017,5,41.4,846,86,76,67,64,12,6,0.0,Sunny,0
2017-02-12,2,2017,6,45.879,561,79,73,66,61,14,5,0.0,Sunny,0
2017-02-13,2,2017,0,19.598,316,78,71,64,55,18,9,0.005,Sunny,0.1-0.5
2017-02-14,2,2017,1,24.55,180,67,57,62,47,20,9,0.86,"Rain , Thunderstorm",0.5-2
2017-02-15,2,2017,2,25.285,274,65,54,38,33,16,7,0.0,Sunny,0
2017-02-16,2,2017,3,26.24,350,70,55,39,36,12,3,0.0,Sunny,0
2017-02-17,2,2017,4,35.498000000000005,660,77,64,60,50,13,6,0.0,Sunny,0
2017-02-18,2,2017,5,41.071999999999996,1396,86,74,64,56,12,6,0.0,Sunny,0
2017-02-19,2,2017,6,41.15,901,81,71,68,66,20,8,0.09,"Rain , Thunderstorm",0.1-0.5
2017-02-20,2,2017,0,33.614000000000004,515,70,64,59,57,21,4,1.12,"Rain , Thunderstorm",0.5-2
2017-02-21,2,2017,1,25.366,380,82,67,55,43,15,6,0.0,Sunny,0
2017-02-22,2,2017,2,22.033,306,87,69,49,45,10,3,0.0,Sunny,0
2017-02-23,2,2017,3,23.88,407,90,73,60,49,15,5,0.0,Sunny,0
2017-02-24,2,2017,4,29.37,592,80,67,50,35,17,6,0.0,Sunny,0
2017-02-25,2,2017,5,38.931,908,63,54,33,28,13,6,0.0,Sunny,0
2017-02-26,2,2017,6,36.213,610,72,57,64,50,12,3,0.005,Sunny,0.1-0.5
2017-02-27,2,2017,0,30.248,479,82,74,66,65,13,6,0.005,Sunny,0.1-0.5
2017-02-28,2,2017,1,19.61,415,80,75,68,67,14,7,0.0,Sunny,0
2017-03-01,3,2017,2,24.750999999999998,389,73,64,67,45,21,8,0.0,Sunny,0
2017-03-02,3,2017,3,27.461,410,66,58,28,22,13,5,0.0,Sunny,0
2017-03-03,3,2017,4,32.053000000000004,513,71,56,38,29,14,6,0.0,Sunny,0
2017-03-04,3,2017,5,41.57,114,59,57,57,52,13,4,0.66,Rain,0.5-2
2017-03-05,3,2017,6,41.74,558,75,66,65,60,12,4,0.27,Rain,0.1-0.5
2017-03-06,3,2017,0,30.774,518,84,76,67,66,16,9,0.005,Rain,0.1-0.5
2017-03-07,3,2017,1,21.634,372,77,69,67,51,17,6,0.005,Sunny,0.1-0.5
2017-03-08,3,2017,2,25.168000000000003,392,76,68,64,50,12,4,0.005,Sunny,0.1-0.5
2017-03-09,3,2017,3,23.543000000000003,499,80,74,66,64,14,5,0.005,"Rain , Thunderstorm",0.1-0.5
2017-03-10,3,2017,4,23.026999999999997,1156,83,73,65,62,12,2,0.005,Sunny,0.1-0.5
2017-03-11,3,2017,5,19.705,563,66,64,64,62,9,4,0.73,Rain,0.5-2
2017-03-12,3,2017,6,26.758000000000003,933,62,55,60,47,18,7,0.01,Rain,0.1-0.5
2017-03-13,3,2017,0,29.629,1366,70,58,52,48,12,3,0.01,Rain,0.1-0.5
2017-03-14,3,2017,1,25.151999999999997,1708,73,57,46,43,12,3,0.0,Sunny,0
2017-03-15,3,2017,2,26.678,1873,75,62,54,49,14,6,0.0,Sunny,0
2017-03-16,3,2017,3,26.461,1875,79,69,63,59,14,6,0.02,Sunny,0.1-0.5
2017-03-17,3,2017,4,29.801,1933,83,74,64,62,15,8,0.0,Sunny,0
2017-03-18,3,2017,5,34.351,2127,84,75,66,63,10,4,0.0,Sunny,0
2017-03-19,3,2017,6,40.152,971,85,75,65,62,12,6,0.0,Sunny,0
2017-03-20,3,2017,0,26.734,421,85,75,65,60,13,7,0.0,Sunny,0
2017-03-21,3,2017,1,30.476,445,85,74,63,61,13,8,0.0,Sunny,0
2017-03-22,3,2017,2,24.936999999999998,537,83,76,64,62,14,7,0.0,Sunny,0
2017-03-23,3,2017,3,25.412,536,85,75,63,59,24,10,0.0,Sunny,0
2017-03-24,3,2017,4,26.609,466,83,72,71,63,17,6,0.05,Rain,0.1-0.5
2017-03-25,3,2017,5,41.022,1306,84,69,51,46,12,4,0.0,Sunny,0
2017-03-26,3,2017,6,38.315,822,86,75,66,61,18,8,0.0,Sunny,0
2017-03-27,3,2017,0,32.451,583,86,78,67,66,13,5,0.0,Sunny,0
2017-03-28,3,2017,1,25.48,506,86,78,68,66,22,10,0.0,Sunny,0
2017-03-29,3,2017,2,28.155,446,84,72,68,56,15,5,0.73,"Rain , Thunderstorm",0.5-2
2017-03-30,3,2017,3,35.064,564,82,68,50,46,15,4,0.0,Sunny,0
2017-03-31,3,2017,4,32.086,725,86,71,59,53,18,6,0.0,Sunny,0
2017-04-01,4,2017,5,42.208999999999996,805,76,71,65,63,16,8,0.0,Sunny,0
2017-04-02,4,2017,6,37.053000000000004,584,77,67,67,61,16,6,0.71,"Rain , Thunderstorm",0.5-2
2017-04-03,4,2017,0,30.158,815,90,70,54,51,10,2,0.0,Sunny,0
2017-04-04,4,2017,1,22.927,646,89,75,62,55,14,5,0.0,Sunny,0
2017-04-05,4,2017,2,23.956,685,75,64,43,39,21,8,0.0,Sunny,0
2017-04-06,4,2017,3,30.855,595,79,64,47,43,9,3,0.0,Sunny,0
2017-04-07,4,2017,4,29.221999999999998,814,81,67,51,48,12,4,0.0,Sunny,0
2017-04-08,4,2017,5,40.528,1026,82,69,62,58,15,7,0.0,Sunny,0
2017-04-09,4,2017,6,39.589,900,81,74,66,64,15,8,0.0,Sunny,0
2017-04-10,4,2017,0,25.754,419,80,76,73,69,13,7,0.1,Rain,0.1-0.5
2017-04-11,4,2017,1,22.7,257,72,67,70,65,10,4,0.34,"Rain , Thunderstorm",0.1-0.5
2017-04-12,4,2017,2,23.213,512,78,70,65,61,10,4,0.0,Sunny,0
2017-04-13,4,2017,3,28.624000000000002,636,82,75,66,64,14,6,0.005,Rain,0.1-0.5
2017-04-14,4,2017,4,33.316,1073,84,75,64,62,12,5,0.0,Sunny,0
2017-04-15,4,2017,5,45.273999999999994,1462,84,76,66,64,14,7,0.0,Sunny,0
2017-04-16,4,2017,6,47.536,871,84,77,68,66,14,6,0.0,Sunny,0
2017-04-17,4,2017,0,24.121,513,80,72,67,65,16,5,0.005,"Rain , Thunderstorm",0.1-0.5
2017-04-18,4,2017,1,23.744,581,82,72,65,62,10,4,0.0,Sunny,0
2017-04-19,4,2017,2,27.066999999999997,586,85,77,66,65,14,6,0.005,Rain,0.1-0.5
2017-04-20,4,2017,3,34.243,568,88,79,68,67,12,6,0.0,Sunny,0
2017-04-21,4,2017,4,33.796,774,89,80,67,66,14,7,0.0,Sunny,0
2017-04-22,4,2017,5,41.716,771,73,65,67,55,14,7,0.01,Rain,0.1-0.5
2017-04-23,4,2017,6,34.406,833,77,64,44,42,14,5,0.0,Sunny,0
2017-04-24,4,2017,0,27.988000000000003,689,82,65,54,49,14,4,0.0,Sunny,0
2017-04-25,4,2017,1,23.37,495,90,76,70,65,16,7,0.0,Sunny,0
2017-04-26,4,2017,2,26.846,480,91,77,70,57,18,8,0.0,Sunny,0
2017-04-27,4,2017,3,29.776999999999997,524,86,70,64,50,15,7,0.0,Sunny,0
2017-04-28,4,2017,4,32.859,660,95,83,72,68,17,9,0.0,Sunny,0
2017-04-29,4,2017,5,38.556,843,92,79,73,66,18,9,0.01,Thunderstorm,0.1-0.5
2017-04-30,4,2017,6,38.208,860,78,65,54,44,18,6,0.05,"Rain , Thunderstorm",0.1-0.5
2017-05-01,5,2017,0,29.78,490,91,71,56,48,14,6,0.0,Sunny,0
2017-05-02,5,2017,1,20.619,452,92,77,63,56,16,7,0.0,Sunny,0
2017-05-03,5,2017,2,24.114,396,95,80,72,66,18,8,0.005,Rain,0.1-0.5
2017-05-04,5,2017,3,26.576,451,79,70,47,43,18,8,0.0,Sunny,0
2017-05-05,5,2017,4,33.508,714,86,71,48,42,13,4,0.0,Sunny,0
2017-05-06,5,2017,5,47.295,889,91,73,53,49,12,4,0.0,Sunny,0
2017-05-07,5,2017,6,39.039,873,88,75,59,57,15,6,0.0,Sunny,0
2017-05-08,5,2017,0,27.612,500,84,74,63,61,16,8,0.0,Sunny,0
2017-05-09,5,2017,1,21.467,261,76,71,72,68,12,6,0.04,"Rain , Thunderstorm",0.1-0.5
2017-05-10,5,2017,2,19.819000000000003,376,83,77,70,68,14,7,0.005,Sunny,0.1-0.5
2017-05-11,5,2017,3,26.046,433,88,80,72,70,15,3,0.22,"Rain , Thunderstorm",0.1-0.5
2017-05-12,5,2017,4,37.848,756,88,76,70,57,14,7,0.0,Thunderstorm,0
2017-05-13,5,2017,5,40.291,841,89,74,58,54,10,3,0.0,Sunny,0
2017-05-14,5,2017,6,51.081,530,93,78,65,61,13,5,0.0,Sunny,0
2017-05-15,5,2017,0,32.653,467,92,80,66,64,15,7,0.0,Sunny,0
2017-05-16,5,2017,1,29.910999999999998,416,86,78,69,67,20,9,0.0,Sunny,0
2017-05-17,5,2017,2,27.906999999999996,366,90,80,74,69,14,5,0.12,Rain,0.1-0.5
2017-05-18,5,2017,3,26.552,505,94,84,73,71,20,10,0.005,Sunny,0.1-0.5
2017-05-19,5,2017,4,34.519,688,95,85,71,69,18,9,0.0,Sunny,0
2017-05-20,5,2017,5,43.582,641,84,75,71,67,15,4,1.22,"Rain , Thunderstorm",0.5-2
2017-05-21,5,2017,6,39.64,650,78,70,67,61,14,6,0.67,"Rain , Thunderstorm",0.5-2
2017-05-22,5,2017,0,26.840999999999998,509,77,69,65,62,9,4,0.02,Rain,0.1-0.5
2017-05-23,5,2017,1,22.379,346,86,72,65,62,21,5,0.07,"Rain , Thunderstorm",0.1-0.5
2017-05-24,5,2017,2,24.086,558,87,72,55,49,12,5,0.0,Sunny,0
2017-05-25,5,2017,3,29.627,609,94,78,70,60,17,7,0.0,Sunny,0
2017-05-26,5,2017,4,32.472,687,92,84,75,72,13,6,0.0,Sunny,0
2017-05-27,5,2017,5,43.147,1191,97,87,76,74,15,7,0.01,Rain,0.1-0.5
2017-05-28,5,2017,6,41.746,1014,94,80,73,71,18,4,0.47,"Rain , Thunderstorm",0.1-0.5
2017-05-29,5,2017,0,42.243,791,88,78,69,67,8,2,0.0,Sunny,0
2017-05-30,5,2017,1,29.816999999999997,540,88,78,68,66,8,2,0.0,Sunny,0
2017-05-31,5,2017,2,25.603,463,85,77,70,68,17,2,0.02,Rain,0.1-0.5
2017-06-01,6,2017,3,28.616999999999997,472,89,78,71,68,10,4,0.0,Sunny,0
2017-06-02,6,2017,4,39.152,565,92,83,72,71,12,5,0.005,Sunny,0.1-0.5
2017-06-03,6,2017,5,39.065,794,92,82,73,71,12,4,0.24,"Rain , Thunderstorm",0.1-0.5
2017-06-04,6,2017,6,47.167,492,91,80,71,69,12,1,0.17,"Rain , Thunderstorm",0.1-0.5
2017-06-05,6,2017,0,26.625999999999998,401,90,78,70,68,25,3,1.39,"Fog , Rain , Thunderstorm",0.5-2
2017-06-06,6,2017,1,30.59,497,92,81,70,66,14,5,0.0,Sunny,0
2017-06-07,6,2017,2,27.46,472,95,83,68,62,9,3,0.0,Sunny,0
2017-06-08,6,2017,3,27.518,519,93,83,68,66,9,4,0.0,Sunny,0
2017-06-09,6,2017,4,38.632,595,90,82,71,69,13,6,0.0,Sunny,0
2017-06-10,6,2017,5,38.943000000000005,908,93,82,69,65,14,6,0.0,Sunny,0
2017-06-11,6,2017,6,39.024,627,93,83,70,68,13,7,0.0,Sunny,0
2017-06-12,6,2017,0,32.688,506,94,85,72,68,15,7,0.005,Rain,0.1-0.5
2017-06-13,6,2017,1,25.39,400,98,87,73,71,18,7,0.0,Sunny,0
2017-06-14,6,2017,2,31.146,515,96,87,74,71,14,8,0.0,Sunny,0
2017-06-15,6,2017,3,28.42,412,99,88,74,71,13,7,0.0,Sunny,0
2017-06-16,6,2017,4,27.53,549,98,88,73,70,16,7,0.0,Sunny,0
2017-06-17,6,2017,5,43.736000000000004,675,101,89,75,72,15,8,0.0,Sunny,0
2017-06-18,6,2017,6,39.894,442,100,89,74,71,13,7,0.0,Sunny,0
2017-06-19,6,2017,0,25.218000000000004,409,92,84,74,72,13,4,0.01,"Rain , Thunderstorm",0.1-0.5
2017-06-20,6,2017,1,28.283,389,98,87,72,69,10,5,0.0,Sunny,0
2017-06-21,6,2017,2,22.195,323,97,86,72,64,14,6,0.0,Sunny,0
2017-06-22,6,2017,3,25.636,409,99,88,72,67,10,5,0.0,Sunny,0
2017-06-23,6,2017,4,30.514,484,104,91,75,72,14,7,0.0,Sunny,0
2017-06-24,6,2017,5,48.597,834,85,79,76,71,13,5,0.14,Rain,0.1-0.5
2017-06-25,6,2017,6,38.025999999999996,621,90,83,74,71,13,5,0.02,Rain,0.1-0.5
2017-06-26,6,2017,0,27.351999999999997,395,91,82,74,72,15,2,1.07,"Rain , Thunderstorm",0.5-2
2017-06-27,6,2017,1,29.718000000000004,425,91,81,74,72,20,3,0.01,Rain,0.1-0.5
2017-06-28,6,2017,2,33.353,433,92,82,72,70,10,4,0.0,Sunny,0
2017-06-29,6,2017,3,27.753,356,99,87,75,73,13,6,0.0,Sunny,0
2017-06-30,6,2017,4,30.97,434,98,89,75,73,16,8,0.0,Sunny,0
2017-07-01,7,2017,5,58.457,667,98,89,76,72,15,7,0.005,Sunny,0.1-0.5
2017-07-02,7,2017,6,44.113,786,100,89,75,72,14,6,0.0,Sunny,0
2017-07-03,7,2017,0,41.732,747,99,88,74,71,13,7,0.0,Sunny,0
2017-07-04,7,2017,1,36.228,711,101,90,74,72,13,7,0.0,Sunny,0
2017-07-05,7,2017,2,23.386,389,99,89,74,70,13,6,0.0,Sunny,0
2017-07-06,7,2017,3,23.680999999999997,383,100,89,74,71,12,4,0.0,Thunderstorm,0
2017-07-07,7,2017,4,23.748,385,99,87,74,71,15,3,0.02,"Rain , Thunderstorm",0.1-0.5
2017-07-08,7,2017,5,35.71,604,100,88,71,67,9,3,0.0,Thunderstorm,0
2017-07-09,7,2017,6,28.873,418,101,89,71,67,12,4,0.0,Sunny,0
2017-07-10,7,2017,0,22.541,375,100,88,72,65,12,5,0.0,Sunny,0
2017-07-11,7,2017,1,27.855999999999998,383,101,89,73,69,14,7,0.0,Sunny,0
2017-07-12,7,2017,2,27.574,486,101,89,73,70,13,6,0.0,Sunny,0
2017-07-13,7,2017,3,28.329,414,102,90,74,70,10,3,0.0,Sunny,0
2017-07-14,7,2017,4,38.931,475,101,89,74,69,15,4,0.0,Sunny,0
2017-07-15,7,2017,5,41.613,442,103,87,73,70,23,3,0.16,"Rain , Thunderstorm",0.1-0.5
2017-07-16,7,2017,6,40.673,447,99,84,71,69,12,3,0.0,Sunny,0
2017-07-17,7,2017,0,28.426,390,98,88,75,71,16,3,0.005,"Rain , Thunderstorm",0.1-0.5
2017-07-18,7,2017,1,31.456,384,100,88,74,70,14,5,0.0,Sunny,0
2017-07-19,7,2017,2,21.217,300,101,89,74,70,18,5,0.0,Sunny,0
2017-07-20,7,2017,3,28.837,356,103,90,75,69,14,5,0.0,Sunny,0
2017-07-21,7,2017,4,25.581,413,104,91,74,68,14,5,0.005,Sunny,0.1-0.5
2017-07-22,7,2017,5,44.496,581,103,90,74,68,13,6,0.0,Sunny,0
2017-07-23,7,2017,6,42.912,422,103,90,74,71,13,4,0.04,"Rain , Thunderstorm",0.1-0.5
2017-07-24,7,2017,0,25.53,372,102,89,75,71,13,3,0.01,"Rain , Thunderstorm",0.1-0.5
2017-07-25,7,2017,1,21.459,423,103,91,75,71,15,7,0.0,Sunny,0
2017-07-26,7,2017,2,22.353,351,103,91,75,70,15,6,0.005,Sunny,0.1-0.5
2017-07-27,7,2017,3,27.662,355,103,89,71,67,12,5,0.0,Sunny,0
2017-07-28,7,2017,4,30.176,381,105,91,71,64,14,5,0.0,Sunny,0
2017-07-29,7,2017,5,44.973,406,107,92,72,64,12,4,0.0,Sunny,0
2017-07-30,7,2017,6,38.907,345,106,93,70,68,13,4,0.0,Sunny,0
2017-07-31,7,2017,0,22.45,322,99,88,66,61,12,4,0.0,Sunny,0
