Date,Month,Year,Weekday,Total Rides,TempHighF,TempAvgF,DewPointHighF,DewPointAvgF,WindHighMPH,WindAvgMPH,PrecipitationSumInches,Events,PrecipBins
2013-12-21,12,2013,5,103,74,60,67,49,20,4,0.46,"Rain , Thunderstorm",0-0.5
2013-12-22,12,2013,6,117,56,48,43,36,16,6,0.0,Sunny,0
2013-12-23,12,2013,0,96,58,45,31,27,8,3,0.0,Sunny,0
2013-12-24,12,2013,1,85,61,46,36,28,12,4,0.0,Sunny,0
2013-12-25,12,2013,2,145,58,50,44,40,10,2,0.005,Sunny,0-0.5
2013-12-26,12,2013,3,100,57,48,39,36,12,3,0.0,Sunny,0
2013-12-27,12,2013,4,115,60,53,41,39,7,1,0.005,Sunny,0-0.5
2013-12-28,12,2013,5,194,62,51,43,39,10,2,0.005,Sunny,0-0.5
2013-12-29,12,2013,6,255,64,50,49,41,17,5,0.0,Sunny,0
2013-12-30,12,2013,0,84,44,40,31,26,13,5,0.0,Sunny,0
2013-12-31,12,2013,1,163,55,46,31,28,8,1,0.0,Sunny,0
2014-01-01,1,2014,2,267,69,54,51,42,13,4,0.0,Sunny,0
2014-01-02,1,2014,3,144,55,44,39,26,21,8,0.0,Sunny,0
2014-01-03,1,2014,4,63,58,43,37,22,14,4,0.0,Sunny,0
2014-01-04,1,2014,5,173,71,57,55,48,16,7,0.0,Sunny,0
2014-01-05,1,2014,6,44,59,47,54,32,21,10,0.0,Sunny,0
2014-01-06,1,2014,0,24,36,29,15,8,17,7,0.0,Sunny,0
2014-01-07,1,2014,1,48,48,35,29,11,13,5,0.0,Sunny,0
2014-01-08,1,2014,2,27,53,47,51,45,12,1,0.16,Rain,0-0.5
2014-01-09,1,2014,3,76,70,62,60,55,12,3,0.0,Fog,0
2014-01-10,1,2014,4,76,72,65,64,61,13,6,0.1,Rain,0-0.5
2014-01-11,1,2014,5,272,75,62,54,37,12,3,0.0,Sunny,0
2014-01-12,1,2014,6,88,67,57,58,47,15,4,0.01,Rain,0-0.5
2014-01-13,1,2014,0,80,71,57,60,36,17,7,0.0,Sunny,0
2014-01-14,1,2014,1,115,76,57,31,25,16,5,0.0,Sunny,0
2014-01-15,1,2014,2,81,64,52,29,23,14,4,0.0,Sunny,0
2014-01-16,1,2014,3,108,72,56,31,27,14,4,0.0,Sunny,0
2014-01-17,1,2014,4,110,64,54,31,20,14,5,0.0,Sunny,0
2014-01-18,1,2014,5,255,70,54,41,33,12,2,0.0,Sunny,0
2014-01-19,1,2014,6,216,72,59,41,30,9,3,0.0,Sunny,0
2014-01-20,1,2014,0,159,82,64,51,36,16,5,0.0,Sunny,0
2014-01-21,1,2014,1,71,63,51,28,23,15,6,0.0,Sunny,0
2014-01-22,1,2014,2,81,70,54,39,27,12,4,0.0,Sunny,0
2014-01-23,1,2014,3,26,56,42,42,29,20,9,0.06,"Rain , Snow",0-0.5
2014-01-24,1,2014,4,31,40,33,22,17,16,5,0.05,Sunny,0-0.5
2014-01-25,1,2014,5,187,70,48,38,27,8,1,0.0,Sunny,0
2014-01-26,1,2014,6,215,76,60,45,39,12,3,0.0,Sunny,0
2014-01-27,1,2014,0,66,60,47,43,23,21,9,0.02,Rain,0-0.5
2014-01-28,1,2014,1,16,39,33,19,14,15,6,0.05,Rain,0-0.5
2014-01-29,1,2014,2,53,49,38,19,13,15,5,0.0,Sunny,0
2014-01-30,1,2014,3,68,65,48,51,36,15,7,0.0,Sunny,0
2014-01-31,1,2014,4,135,80,68,59,54,14,9,0.0,Sunny,0
2014-02-01,2,2014,5,285,76,66,62,59,14,6,0.005,Rain,0-0.5
2014-02-02,2,2014,6,19,55,45,40,33,18,11,0.02,Rain,0-0.5
2014-02-03,2,2014,0,53,46,40,38,33,13,6,0.0,Sunny,0
2014-02-04,2,2014,1,92,64,53,45,41,10,2,0.15,Rain,0-0.5
2014-02-05,2,2014,2,62,48,40,42,26,16,10,0.0,Sunny,0
2014-02-06,2,2014,3,41,32,29,17,15,15,8,0.0,Sunny,0
2014-02-07,2,2014,4,65,38,34,29,24,8,3,0.0,Sunny,0
2014-02-08,2,2014,5,254,65,51,42,36,14,5,0.0,Sunny,0
2014-02-09,2,2014,6,231,76,59,53,45,13,4,0.0,Fog,0
2014-02-10,2,2014,0,53,60,48,49,36,15,9,0.005,Rain,0-0.5
2014-02-11,2,2014,1,33,36,35,31,29,15,9,0.1,Rain,0-0.5
2014-02-12,2,2014,2,129,57,45,34,29,14,5,0.0,Sunny,0
2014-02-13,2,2014,3,157,69,51,38,34,10,4,0.0,Sunny,0
2014-02-14,2,2014,4,272,86,67,48,37,18,6,0.0,Sunny,0
2014-02-15,2,2014,5,656,76,59,52,35,15,5,0.0,Sunny,0
2014-02-16,2,2014,6,449,76,68,61,57,13,5,0.0,Fog,0
2014-02-17,2,2014,0,370,81,70,62,50,15,5,0.0,Sunny,0
2014-02-18,2,2014,1,156,82,69,63,53,13,4,0.0,Sunny,0
2014-02-19,2,2014,2,169,82,73,62,60,15,7,0.0,Sunny,0
2014-02-20,2,2014,3,161,83,70,64,50,16,8,0.0,Sunny,0
2014-02-21,2,2014,4,229,72,57,33,27,14,5,0.0,Sunny,0
2014-02-22,2,2014,5,369,77,63,57,46,14,6,0.0,Sunny,0
2014-02-23,2,2014,6,416,86,74,61,56,15,4,0.0,Sunny,0
2014-02-24,2,2014,0,167,76,66,63,51,12,4,0.0,Sunny,0
2014-02-25,2,2014,1,92,71,62,65,60,12,5,0.005,Rain,0-0.5
2014-02-26,2,2014,2,52,52,44,46,33,20,8,0.11,Rain,0-0.5
2014-02-27,2,2014,3,157,59,45,32,27,12,3,0.0,Sunny,0
2014-02-28,2,2014,4,317,80,62,50,46,13,6,0.0,Sunny,0
2014-03-01,3,2014,5,547,82,68,65,57,16,5,0.0,Fog,0
2014-03-02,3,2014,6,80,73,51,67,45,20,10,0.08,Rain,0-0.5
2014-03-03,3,2014,0,110,47,36,27,20,18,10,0.08,"Rain , Thunderstorm",0-0.5
2014-03-04,3,2014,1,112,50,40,36,31,9,4,0.17,Rain,0-0.5
2014-03-05,3,2014,2,190,53,46,43,39,13,3,0.0,Sunny,0
2014-03-06,3,2014,3,364,65,54,42,38,13,4,0.0,Sunny,0
2014-03-07,3,2014,4,1070,67,53,50,42,16,6,0.0,Sunny,0
2014-03-08,3,2014,5,537,59,52,57,49,14,4,0.74,"Rain , Thunderstorm",0.5-2
2014-03-09,3,2014,6,1341,58,49,45,39,15,5,0.11,Rain,0-0.5
2014-03-10,3,2014,0,1721,71,61,56,51,12,3,0.01,Rain,0-0.5
2014-03-11,3,2014,1,2080,83,70,56,54,14,5,0.0,Sunny,0
2014-03-12,3,2014,2,1905,70,60,50,28,24,11,0.0,Sunny,0
2014-03-13,3,2014,3,2170,68,52,40,26,9,4,0.0,Sunny,0
2014-03-14,3,2014,4,2808,75,62,59,51,13,5,0.0,Sunny,0
2014-03-15,3,2014,5,2587,74,68,64,62,12,4,0.07,"Fog , Rain",0-0.5
2014-03-16,3,2014,6,1026,64,56,58,45,24,11,0.0,Sunny,0
2014-03-17,3,2014,0,372,68,55,31,26,16,6,0.0,Sunny,0
2014-03-18,3,2014,1,351,83,65,56,42,18,8,0.0,Sunny,0
2014-03-19,3,2014,2,275,72,62,55,37,15,6,0.0,Sunny,0
2014-03-20,3,2014,3,443,76,59,40,36,10,2,0.0,Sunny,0
2014-03-21,3,2014,4,656,80,67,60,54,17,7,0.0,Fog,0
2014-03-22,3,2014,5,868,77,69,65,62,12,4,0.0,Sunny,0
2014-03-23,3,2014,6,380,61,54,51,43,17,9,0.0,Sunny,0
2014-03-24,3,2014,0,338,66,58,47,42,10,3,0.0,Sunny,0
2014-03-25,3,2014,1,341,69,57,46,38,15,5,0.0,Sunny,0
2014-03-26,3,2014,2,211,66,60,55,47,22,10,0.005,Rain,0-0.5
2014-03-27,3,2014,3,268,82,72,68,63,16,8,0.01,Rain,0-0.5
2014-03-28,3,2014,4,531,89,76,67,61,18,5,0.0,Thunderstorm,0
2014-03-29,3,2014,5,995,77,64,48,40,13,5,0.0,Sunny,0
2014-03-30,3,2014,6,778,79,62,51,43,20,8,0.0,Sunny,0
2014-03-31,3,2014,0,337,85,73,62,57,16,9,0.0,Sunny,0
2014-04-01,4,2014,1,261,86,76,67,64,17,8,0.0,Sunny,0
2014-04-02,4,2014,2,312,82,76,69,67,16,9,0.005,Rain,0-0.5
2014-04-03,4,2014,3,286,82,77,69,67,14,7,0.005,Sunny,0-0.5
2014-04-04,4,2014,4,528,74,64,69,35,17,8,0.005,Rain,0-0.5
2014-04-05,4,2014,5,587,65,60,46,38,10,4,0.005,Sunny,0-0.5
2014-04-06,4,2014,6,242,61,57,51,49,12,5,0.2,"Rain , Thunderstorm",0-0.5
2014-04-07,4,2014,0,296,72,62,51,49,25,3,0.27,"Rain , Thunderstorm",0-0.5
2014-04-08,4,2014,1,272,77,64,50,38,22,8,0.0,Sunny,0
2014-04-09,4,2014,2,390,84,65,51,42,13,6,0.0,Sunny,0
2014-04-10,4,2014,3,314,87,72,59,53,17,10,0.0,Sunny,0
2014-04-11,4,2014,4,615,85,73,61,59,16,8,0.0,Sunny,0
2014-04-12,4,2014,5,953,85,75,63,62,20,10,0.0,Sunny,0
2014-04-13,4,2014,6,543,78,73,68,66,18,7,0.005,Sunny,0-0.5
2014-04-14,4,2014,0,174,73,58,69,46,22,10,1.34,"Fog , Rain , Thunderstorm",0.5-2
2014-04-15,4,2014,1,391,65,52,32,25,12,4,0.0,Sunny,0
2014-04-16,4,2014,2,358,73,57,48,40,16,7,0.0,Sunny,0
2014-04-17,4,2014,3,277,67,62,61,57,10,4,0.06,Rain,0-0.5
2014-04-18,4,2014,4,706,78,69,61,57,9,2,0.01,Rain,0-0.5
2014-04-19,4,2014,5,1177,78,66,56,54,13,5,0.0,Sunny,0
2014-04-20,4,2014,6,805,75,68,63,59,12,6,0.0,Sunny,0
2014-04-21,4,2014,0,463,84,74,65,63,14,5,0.01,"Rain , Thunderstorm",0-0.5
2014-04-22,4,2014,1,439,87,75,63,58,12,3,0.0,Sunny,0
2014-04-23,4,2014,2,447,87,73,64,61,17,7,0.0,Sunny,0
2014-04-24,4,2014,3,365,88,78,66,62,16,5,0.0,Sunny,0
2014-04-25,4,2014,4,658,88,76,64,54,12,6,0.0,Sunny,0
2014-04-26,4,2014,5,968,86,77,69,66,16,8,0.005,Rain,0-0.5
2014-04-27,4,2014,6,601,96,85,70,66,14,6,0.0,Sunny,0
2014-04-28,4,2014,0,385,93,80,69,39,14,4,0.0,Sunny,0
2014-04-29,4,2014,1,308,84,72,46,34,17,7,0.0,Sunny,0
2014-04-30,4,2014,2,340,75,66,38,33,16,6,0.0,Sunny,0
2014-05-01,5,2014,3,386,77,65,43,33,10,3,0.0,Sunny,0
2014-05-02,5,2014,4,695,83,70,40,35,9,3,0.0,Sunny,0
2014-05-03,5,2014,5,782,94,76,42,35,13,4,0.0,Sunny,0
2014-05-04,5,2014,6,641,91,76,42,37,14,7,0.0,Sunny,0
2014-05-05,5,2014,0,420,92,76,59,56,16,8,0.0,Sunny,0
2014-05-06,5,2014,1,333,87,76,64,62,17,9,0.0,Sunny,0
2014-05-07,5,2014,2,303,88,79,67,64,18,9,0.0,Sunny,0
2014-05-08,5,2014,3,243,84,79,73,70,17,8,0.06,Rain,0-0.5
2014-05-09,5,2014,4,424,86,76,71,68,20,5,0.005,"Rain , Thunderstorm",0-0.5
2014-05-10,5,2014,5,725,91,76,66,62,16,6,0.0,Sunny,0
2014-05-11,5,2014,6,621,93,83,68,67,18,10,0.0,Sunny,0
2014-05-12,5,2014,0,211,82,72,76,70,18,7,2.45,"Fog , Rain , Thunderstorm",2-10
2014-05-13,5,2014,1,171,67,61,60,54,16,8,0.94,"Rain , Thunderstorm",0.5-2
2014-05-14,5,2014,2,422,76,64,51,43,17,7,0.14,Rain,0-0.5
2014-05-15,5,2014,3,457,84,65,47,41,10,3,0.0,Sunny,0
2014-05-16,5,2014,4,477,86,74,48,43,15,7,0.0,Sunny,0
2014-05-17,5,2014,5,781,86,73,59,55,17,9,0.0,Sunny,0
2014-05-18,5,2014,6,611,85,74,61,59,16,8,0.0,Sunny,0
2014-05-19,5,2014,0,361,86,76,64,61,18,10,0.0,Sunny,0
2014-05-20,5,2014,1,330,89,78,65,62,14,9,0.0,Sunny,0
2014-05-21,5,2014,2,259,89,80,66,64,16,8,0.0,Sunny,0
2014-05-22,5,2014,3,370,87,79,68,65,15,7,0.005,Sunny,0-0.5
2014-05-23,5,2014,4,523,84,78,71,67,14,6,0.19,"Fog , Rain",0-0.5
2014-05-24,5,2014,5,998,86,78,70,68,15,7,0.005,Sunny,0-0.5
2014-05-25,5,2014,6,1140,87,80,67,66,15,6,0.005,Thunderstorm,0-0.5
2014-05-26,5,2014,0,284,75,70,70,65,17,5,1.56,"Rain , Thunderstorm",0.5-2
2014-05-27,5,2014,1,203,73,68,67,64,22,3,1.75,"Fog , Rain , Thunderstorm",0.5-2
2014-05-28,5,2014,2,291,84,76,68,66,14,4,0.0,Sunny,0
2014-05-29,5,2014,3,320,89,78,65,63,9,2,0.0,Sunny,0
2014-05-30,5,2014,4,576,94,81,67,65,9,3,0.0,Sunny,0
2014-05-31,5,2014,5,689,93,82,69,67,10,3,0.0,Sunny,0
2014-06-01,6,2014,6,573,88,80,71,69,14,4,0.0,Sunny,0
2014-06-02,6,2014,0,380,91,83,71,69,13,7,0.0,Sunny,0
2014-06-03,6,2014,1,426,90,83,72,70,10,6,0.005,Sunny,0-0.5
2014-06-04,6,2014,2,536,91,83,71,70,12,7,0.0,Sunny,0
2014-06-05,6,2014,3,634,91,83,72,70,14,7,0.0,Sunny,0
2014-06-06,6,2014,4,588,92,83,71,70,14,7,0.0,Sunny,0
2014-06-07,6,2014,5,712,92,83,72,70,14,7,0.0,Sunny,0
2014-06-08,6,2014,6,522,90,83,72,70,16,7,0.005,Rain,0-0.5
2014-06-09,6,2014,0,271,86,77,75,71,14,4,0.55,"Rain , Thunderstorm",0.5-2
2014-06-10,6,2014,1,354,92,78,70,61,13,3,0.0,Sunny,0
2014-06-11,6,2014,2,369,94,80,73,66,14,5,0.0,Sunny,0
2014-06-12,6,2014,3,405,92,80,74,72,24,8,1.49,"Rain , Thunderstorm",0.5-2
2014-06-13,6,2014,4,456,89,79,62,57,15,4,0.0,Sunny,0
2014-06-14,6,2014,5,696,87,92,62,57,15,6,0.0,Sunny,0
2014-06-15,6,2014,6,431,91,83,62,57,14,9,0.0,Sunny,0
2014-06-16,6,2014,0,378,92,84,62,57,12,8,0.005,Sunny,0-0.5
2014-06-17,6,2014,1,277,92,84,72,69,12,9,0.0,Sunny,0
2014-06-18,6,2014,2,267,92,85,75,72,16,9,0.02,Rain,0-0.5
2014-06-19,6,2014,3,345,91,84,74,71,13,6,0.01,Sunny,0-0.5
2014-06-20,6,2014,4,588,91,83,73,71,13,5,0.0,Sunny,0
2014-06-21,6,2014,5,808,92,84,74,72,15,6,0.005,Sunny,0-0.5
2014-06-22,6,2014,6,513,90,83,74,72,13,8,0.005,Sunny,0-0.5
2014-06-23,6,2014,0,278,88,78,75,72,16,4,0.27,"Rain , Thunderstorm",0-0.5
2014-06-24,6,2014,1,336,93,84,74,72,22,4,0.24,"Fog , Rain , Thunderstorm",0-0.5
2014-06-25,6,2014,2,264,89,80,76,72,16,5,0.49,"Fog , Rain , Thunderstorm",0-0.5
2014-06-26,6,2014,3,336,88,80,75,71,15,7,0.01,Rain,0-0.5
2014-06-27,6,2014,4,429,91,83,74,72,17,8,0.005,Sunny,0-0.5
2014-06-28,6,2014,5,698,93,86,74,73,16,9,0.005,Sunny,0-0.5
2014-06-29,6,2014,6,403,95,86,74,73,17,9,0.0,Sunny,0
2014-06-30,6,2014,0,377,96,87,74,71,17,8,0.0,Sunny,0
2014-07-01,7,2014,1,356,96,86,73,70,15,6,0.0,Sunny,0
2014-07-02,7,2014,2,310,97,85,73,69,14,4,0.0,Sunny,0
2014-07-03,7,2014,3,429,96,84,71,69,20,3,0.07,"Rain , Thunderstorm",0-0.5
2014-07-04,7,2014,4,955,93,82,70,68,16,4,0.0,Thunderstorm,0
2014-07-05,7,2014,5,1200,94,82,71,69,18,4,0.0,Sunny,0
2014-07-06,7,2014,6,682,95,84,73,70,13,5,0.0,Sunny,0
2014-07-07,7,2014,0,349,96,85,70,67,13,5,0.0,Sunny,0
2014-07-08,7,2014,1,330,98,86,73,68,13,7,0.0,Sunny,0
2014-07-09,7,2014,2,374,98,85,72,66,14,6,0.0,Sunny,0
2014-07-10,7,2014,3,364,96,84,71,68,14,5,0.0,Sunny,0
2014-07-11,7,2014,4,503,95,83,72,67,13,5,0.0,Sunny,0
2014-07-12,7,2014,5,709,98,85,71,66,13,4,0.0,Sunny,0
2014-07-13,7,2014,6,449,100,87,71,67,13,4,0.0,Sunny,0
2014-07-14,7,2014,0,335,101,88,71,67,10,4,0.0,Sunny,0
2014-07-15,7,2014,1,265,92,83,73,71,15,3,0.06,"Rain , Thunderstorm",0-0.5
2014-07-16,7,2014,2,319,95,84,74,71,15,4,0.31,"Rain , Thunderstorm",0-0.5
2014-07-17,7,2014,3,317,89,82,76,74,13,5,3.53,"Fog , Rain , Thunderstorm",2-10
2014-07-18,7,2014,4,406,78,75,74,71,14,3,1.52,"Rain , Thunderstorm",0.5-2
2014-07-19,7,2014,5,826,86,78,70,68,8,2,0.0,Sunny,0
2014-07-20,7,2014,6,566,94,84,76,72,12,4,0.0,Sunny,0
2014-07-21,7,2014,0,384,96,87,76,73,10,6,0.0,Sunny,0
2014-07-22,7,2014,1,445,96,86,74,72,8,2,0.0,Sunny,0
2014-07-23,7,2014,2,407,97,86,75,71,7,3,0.0,Sunny,0
2014-07-24,7,2014,3,306,94,84,77,72,8,3,0.09,Rain,0-0.5
2014-07-25,7,2014,4,406,96,86,73,70,12,5,0.0,Sunny,0
2014-07-26,7,2014,5,605,98,87,74,71,15,6,0.0,Sunny,0
2014-07-27,7,2014,6,452,98,87,74,71,13,6,0.0,Sunny,0
2014-07-28,7,2014,0,384,99,87,73,69,9,3,0.0,Sunny,0
2014-07-29,7,2014,1,255,97,87,72,70,13,4,0.0,Sunny,0
2014-07-30,7,2014,2,360,96,86,72,68,14,6,0.0,Sunny,0
2014-07-31,7,2014,3,298,97,87,73,71,13,4,0.0,Sunny,0
2014-08-01,8,2014,4,498,91,82,67,65,12,5,0.0,Sunny,0
2014-08-02,8,2014,5,656,90,79,68,66,10,3,0.0,Sunny,0
2014-08-03,8,2014,6,529,94,83,69,66,13,4,0.0,Sunny,0
2014-08-04,8,2014,0,316,94,83,72,69,13,3,0.0,Sunny,0
2014-08-05,8,2014,1,298,97,85,71,68,13,3,0.0,Sunny,0
2014-08-06,8,2014,2,395,99,88,73,68,13,5,0.0,Sunny,0
2014-08-07,8,2014,3,304,102,90,74,71,13,6,0.0,Sunny,0
2014-08-08,8,2014,4,332,102,89,75,70,13,6,0.0,Sunny,0
2014-08-09,8,2014,5,515,100,89,74,68,13,5,0.0,Sunny,0
2014-08-10,8,2014,6,357,101,89,74,69,13,4,0.0,Sunny,0
2014-08-11,8,2014,0,263,102,89,75,71,13,3,0.05,"Rain , Thunderstorm",0-0.5
2014-08-12,8,2014,1,281,100,87,73,66,12,4,0.0,Sunny,0
2014-08-13,8,2014,2,363,97,83,60,57,12,4,0.0,Sunny,0
2014-08-14,8,2014,3,277,98,84,68,61,9,4,0.0,Sunny,0
2014-08-15,8,2014,4,391,101,88,74,69,13,5,0.0,Sunny,0
2014-08-16,8,2014,5,490,104,91,74,69,14,7,0.0,Sunny,0
2014-08-17,8,2014,6,445,101,90,74,71,16,6,0.0,Sunny,0
2014-08-18,8,2014,0,278,102,90,75,71,15,7,0.0,Sunny,0
2014-08-19,8,2014,1,341,96,87,72,68,16,7,0.0,Thunderstorm,0
2014-08-20,8,2014,2,301,102,90,75,71,17,8,0.0,Sunny,0
2014-08-21,8,2014,3,253,103,92,75,71,17,9,0.0,Sunny,0
2014-08-22,8,2014,4,354,103,91,74,69,15,8,0.0,Sunny,0
2014-08-23,8,2014,5,516,101,88,73,69,14,6,0.0,Sunny,0
2014-08-24,8,2014,6,404,101,89,74,70,13,5,0.0,Sunny,0
2014-08-25,8,2014,0,279,101,89,73,67,10,5,0.0,Sunny,0
2014-08-26,8,2014,1,251,101,89,71,68,14,4,0.005,"Rain , Thunderstorm",0-0.5
2014-08-27,8,2014,2,257,98,87,72,66,10,4,0.0,Sunny,0
2014-08-28,8,2014,3,274,99,88,73,71,17,5,0.0,Sunny,0
2014-08-29,8,2014,4,305,96,87,75,72,15,5,0.07,"Rain , Thunderstorm",0-0.5
2014-08-30,8,2014,5,605,95,85,73,72,13,4,0.0,Sunny,0
2014-09-01,9,2014,0,466,101,90,75,72,15,8,0.0,Sunny,0
2014-09-02,9,2014,1,255,98,88,75,73,17,8,0.01,Sunny,0-0.5
2014-09-03,9,2014,2,259,100,88,74,70,17,6,0.0,Sunny,0
2014-09-04,9,2014,3,266,99,86,77,74,28,5,0.98,"Fog , Rain , Thunderstorm",0.5-2
2014-09-05,9,2014,4,391,97,87,75,73,13,4,0.02,Rain,0-0.5
2014-09-06,9,2014,5,640,97,86,75,71,13,3,0.19,"Rain , Thunderstorm",0-0.5
2014-09-07,9,2014,6,419,89,82,74,72,8,3,0.22,"Rain , Thunderstorm",0-0.5
2014-09-08,9,2014,0,301,96,84,71,69,12,3,0.0,Sunny,0
2014-09-09,9,2014,1,276,97,86,73,69,13,6,0.0,Sunny,0
2014-09-10,9,2014,2,262,99,88,73,71,14,7,0.0,Sunny,0
2014-09-11,9,2014,3,360,99,89,75,71,10,5,0.0,Sunny,0
2014-09-12,9,2014,4,281,96,81,74,70,15,5,0.51,"Rain , Thunderstorm",0.5-2
2014-09-13,9,2014,5,216,66,63,63,60,14,5,0.68,Rain,0.5-2
2014-09-14,9,2014,6,604,77,71,67,64,7,2,0.0,Sunny,0
2014-09-15,9,2014,0,335,88,79,70,68,8,2,0.0,Sunny,0
2014-09-16,9,2014,1,266,94,84,74,72,18,3,0.02,"Rain , Thunderstorm",0-0.5
2014-09-17,9,2014,2,273,91,83,75,74,14,3,0.35,"Rain , Thunderstorm",0-0.5
2014-09-18,9,2014,3,216,90,81,75,73,25,2,3.66,"Fog , Rain , Thunderstorm",2-10
2014-09-19,9,2014,4,309,86,80,75,74,10,3,0.13,Rain,0-0.5
2014-09-20,9,2014,5,596,90,82,75,73,9,3,0.21,Rain,0-0.5
2014-09-21,9,2014,6,551,90,81,73,70,10,3,0.0,Sunny,0
2014-09-22,9,2014,0,357,91,81,70,68,9,4,0.0,Sunny,0
2014-09-23,9,2014,1,360,85,76,66,58,8,3,0.0,Sunny,0
2014-09-24,9,2014,2,346,84,72,60,56,9,2,0.0,Sunny,0
2014-09-25,9,2014,3,371,83,73,66,62,13,3,0.005,Sunny,0-0.5
2014-09-26,9,2014,4,503,85,76,67,64,10,3,0.0,Sunny,0
2014-09-27,9,2014,5,792,80,74,69,66,9,2,0.005,Rain,0-0.5
2014-09-28,9,2014,6,621,88,77,67,65,12,3,0.0,Sunny,0
2014-09-29,9,2014,0,342,89,78,68,64,8,2,0.0,Sunny,0
2014-09-30,9,2014,1,329,90,78,70,65,9,2,0.0,Sunny,0
2014-10-01,10,2014,2,335,92,84,73,70,10,5,0.0,Sunny,0
2014-10-02,10,2014,3,420,92,84,75,72,14,7,0.03,"Rain , Thunderstorm",0-0.5
2014-10-03,10,2014,4,1203,85,75,59,51,14,7,0.0,Thunderstorm,0
2014-10-04,10,2014,5,1894,80,70,53,48,9,4,0.0,Sunny,0
2014-10-05,10,2014,6,1575,87,75,67,62,14,6,0.0,Sunny,0
2014-10-06,10,2014,0,577,89,81,71,69,13,6,0.0,Sunny,0
2014-10-07,10,2014,1,397,94,83,73,70,13,5,0.0,Sunny,0
2014-10-08,10,2014,2,498,90,82,72,70,15,6,0.0,Sunny,0
2014-10-09,10,2014,3,555,92,84,73,71,14,7,0.005,Rain,0-0.5
2014-10-10,10,2014,4,1304,92,84,73,70,14,7,0.0,Sunny,0
2014-10-11,10,2014,5,1522,78,69,72,62,14,5,1.42,"Fog , Rain",0.5-2
2014-10-12,10,2014,6,1787,77,69,72,63,13,2,0.01,"Rain , Thunderstorm",0-0.5
2014-10-13,10,2014,0,750,76,69,72,59,20,10,0.09,"Rain , Thunderstorm",0-0.5
2014-10-14,10,2014,1,601,80,66,48,43,14,5,0.0,Sunny,0
2014-10-15,10,2014,2,516,88,72,51,46,9,2,0.0,Sunny,0
2014-10-16,10,2014,3,437,86,72,54,49,13,4,0.0,Sunny,0
2014-10-17,10,2014,4,682,87,74,64,60,13,3,0.0,Sunny,0
2014-10-18,10,2014,5,1044,86,76,69,64,9,2,0.0,Sunny,0
2014-10-19,10,2014,6,649,82,74,66,63,8,2,0.0,Sunny,0
2014-10-20,10,2014,0,453,82,73,64,61,8,2,0.0,Sunny,0
2014-10-21,10,2014,1,366,83,71,61,55,10,3,0.0,Sunny,0
2014-10-22,10,2014,2,318,83,72,62,59,9,2,0.005,Rain,0-0.5
2014-10-23,10,2014,3,383,83,75,62,59,8,2,0.005,Rain,0-0.5
2014-10-24,10,2014,4,700,85,73,61,59,7,2,0.0,Sunny,0
2014-10-25,10,2014,5,796,88,75,61,59,8,2,0.0,Sunny,0
2014-10-26,10,2014,6,698,86,74,61,58,12,4,0.0,Sunny,0
2014-10-27,10,2014,0,494,86,74,65,61,14,6,0.0,Sunny,0
2014-10-28,10,2014,1,482,84,75,68,65,8,2,0.0,Sunny,0
2014-10-29,10,2014,2,409,81,73,63,62,10,3,0.0,Sunny,0
2014-10-30,10,2014,3,412,82,73,61,59,8,2,0.005,Rain,0-0.5
2014-10-31,10,2014,4,538,76,66,61,49,16,7,0.3,Rain,0-0.5
2014-11-01,11,2014,5,843,68,58,43,39,9,5,0.0,Sunny,0
2014-11-02,11,2014,6,482,75,62,52,45,15,6,0.0,Sunny,0
2014-11-03,11,2014,0,330,76,68,63,59,14,6,0.005,Sunny,0-0.5
2014-11-04,11,2014,1,252,75,67,69,63,17,5,0.56,Rain,0.5-2
2014-11-05,11,2014,2,46,59,57,58,56,13,6,1.51,Rain,0.5-2
2014-11-06,11,2014,3,297,63,59,56,51,10,4,0.04,Rain,0-0.5
2014-11-07,11,2014,4,681,71,60,49,41,7,2,0.0,Sunny,0
2014-11-08,11,2014,5,1003,75,62,52,47,15,4,0.0,Sunny,0
2014-11-09,11,2014,6,882,74,61,45,43,8,3,0.0,Sunny,0
2014-11-10,11,2014,0,517,76,63,61,53,17,6,0.0,Sunny,0
2014-11-11,11,2014,1,231,65,54,62,41,17,7,0.0,Sunny,0
2014-11-12,11,2014,2,164,51,44,29,23,16,9,0.0,Sunny,0
2014-11-13,11,2014,3,123,41,36,17,13,17,8,0.0,Sunny,0
2014-11-14,11,2014,4,188,45,38,23,17,8,3,0.0,Sunny,0
2014-11-15,11,2014,5,202,48,44,47,39,10,4,0.02,Rain,0-0.5
2014-11-16,11,2014,6,156,50,42,49,45,17,6,0.01,"Fog , Rain",0-0.5
2014-11-17,11,2014,0,198,53,42,27,21,16,6,0.0,Sunny,0
2014-11-18,11,2014,1,154,56,43,27,23,10,2,0.0,Sunny,0
2014-11-19,11,2014,2,240,69,51,45,38,13,3,0.0,Sunny,0
2014-11-20,11,2014,3,279,70,57,63,57,12,3,0.01,"Fog , Rain",0-0.5
2014-11-21,11,2014,4,221,74,68,69,65,13,5,0.33,"Fog , Rain",0-0.5
2014-11-22,11,2014,5,46,67,63,64,62,20,7,3.33,"Fog , Rain , Thunderstorm",2-10
2014-11-23,11,2014,6,488,81,67,57,48,16,5,0.0,Sunny,0
2014-11-24,11,2014,0,291,66,53,39,32,15,5,0.0,Sunny,0
2014-11-25,11,2014,1,315,67,53,38,33,9,3,0.0,Sunny,0
2014-11-26,11,2014,2,245,77,60,37,33,10,3,0.0,Sunny,0
2014-11-27,11,2014,3,255,64,53,37,33,10,4,0.0,Sunny,0
2014-11-28,11,2014,4,514,72,57,54,45,14,4,0.0,Sunny,0
2014-11-29,11,2014,5,628,73,65,61,57,16,7,0.0,Sunny,0
2014-11-30,11,2014,6,496,79,72,63,62,15,7,0.0,Sunny,0
2014-12-01,12,2014,0,148,66,54,63,42,17,6,0.0,Sunny,0
2014-12-02,12,2014,1,164,50,45,43,32,10,4,0.0,Sunny,0
2014-12-03,12,2014,2,212,59,54,55,50,7,1,0.0,Sunny,0
2014-12-04,12,2014,3,153,66,62,65,61,12,3,0.06,Rain,0-0.5
2014-12-05,12,2014,4,344,75,69,66,64,12,5,0.01,Rain,0-0.5
2014-12-06,12,2014,5,568,69,62,58,51,13,6,0.0,Sunny,0
2014-12-07,12,2014,6,355,56,54,50,48,9,4,0.0,Sunny,0
2014-12-08,12,2014,0,199,67,58,49,46,9,3,0.0,Sunny,0
2014-12-09,12,2014,1,261,69,56,49,45,8,1,0.0,Sunny,0
2014-12-10,12,2014,2,152,66,57,57,50,8,1,0.02,Rain,0-0.5
2014-12-11,12,2014,3,163,67,62,59,57,9,5,0.04,Rain,0-0.5
2014-12-12,12,2014,4,242,71,65,58,57,12,5,0.005,Rain,0-0.5
2014-12-13,12,2014,5,430,74,65,59,57,14,5,0.0,Sunny,0
2014-12-14,12,2014,6,206,74,68,64,62,14,6,0.07,Rain,0-0.5
2014-12-15,12,2014,0,288,74,63,64,51,12,5,0.0,Sunny,0
2014-12-16,12,2014,1,304,63,55,36,34,14,5,0.0,Sunny,0
2014-12-17,12,2014,2,132,53,51,51,44,15,4,0.1,"Rain , Thunderstorm",0-0.5
2014-12-18,12,2014,3,184,60,55,56,51,12,3,0.005,Sunny,0-0.5
2014-12-19,12,2014,4,181,57,53,50,48,13,7,0.59,"Rain , Thunderstorm",0.5-2
2014-12-20,12,2014,5,222,54,52,47,45,8,3,0.0,Sunny,0
2014-12-21,12,2014,6,263,56,53,52,49,10,5,0.0,Sunny,0
2014-12-22,12,2014,0,327,77,67,56,52,12,5,0.0,Sunny,0
2014-12-23,12,2014,1,105,59,51,44,40,18,8,0.005,Rain,0-0.5
2014-12-24,12,2014,2,147,57,46,35,32,16,6,0.0,Sunny,0
2014-12-25,12,2014,3,266,65,49,47,33,16,6,0.0,Sunny,0
2014-12-26,12,2014,4,294,74,64,63,57,12,5,0.01,Rain,0-0.5
2014-12-27,12,2014,5,100,66,54,63,49,16,8,0.03,Rain,0-0.5
2014-12-28,12,2014,6,78,47,40,34,30,14,4,0.13,Rain,0-0.5
2014-12-29,12,2014,0,418,67,49,42,36,10,2,0.0,Sunny,0
2014-12-30,12,2014,1,230,46,43,43,40,13,6,0.0,Fog,0
2014-12-31,12,2014,2,137,42,39,31,29,14,8,0.005,Sunny,0-0.5
2015-01-01,1,2015,3,36,40,37,39,35,9,5,0.63,"Rain , Thunderstorm",0.5-2
2015-01-02,1,2015,4,47,43,41,41,39,12,5,0.2,"Rain , Thunderstorm",0-0.5
2015-01-03,1,2015,5,366,62,51,43,40,14,3,0.76,"Rain , Thunderstorm",0.5-2
2015-01-04,1,2015,6,171,51,43,41,30,16,7,0.0,Sunny,0
2015-01-05,1,2015,0,179,52,41,28,23,8,4,0.0,Sunny,0
2015-01-06,1,2015,1,225,71,54,37,32,9,2,0.0,Sunny,0
2015-01-07,1,2015,2,140,51,41,38,27,21,9,0.0,Sunny,0
2015-01-08,1,2015,3,83,36,30,23,12,15,5,0.005,Rain,0-0.5
2015-01-09,1,2015,4,131,38,36,32,26,13,6,0.02,Rain,0-0.5
2015-01-10,1,2015,5,23,36,34,34,31,8,3,0.3,"Rain , Thunderstorm",0-0.5
2015-01-11,1,2015,6,189,49,42,45,39,8,3,0.17,Rain,0-0.5
2015-01-12,1,2015,0,165,46,43,45,41,14,5,0.0,Fog,0
2015-01-13,1,2015,1,118,42,39,37,33,12,7,0.0,Sunny,0
2015-01-14,1,2015,2,106,40,39,38,36,9,5,0.0,Sunny,0
2015-01-15,1,2015,3,207,59,49,38,36,12,4,0.0,Sunny,0
2015-01-16,1,2015,4,309,64,51,41,38,8,3,0.0,Sunny,0
2015-01-17,1,2015,5,834,69,54,46,40,12,3,0.0,Sunny,0
2015-01-18,1,2015,6,788,72,59,34,30,10,3,0.0,Sunny,0
2015-01-19,1,2015,0,469,75,56,47,41,10,3,0.0,Sunny,0
2015-01-20,1,2015,1,251,80,61,51,44,12,3,0.0,Sunny,0
2015-01-21,1,2015,2,102,56,53,53,50,10,6,0.16,Rain,0-0.5
2015-01-22,1,2015,3,45,52,47,51,46,20,10,2.07,Rain,2-10
2015-01-23,1,2015,4,103,51,45,42,38,15,6,0.4,Rain,0-0.5
2015-01-24,1,2015,5,613,63,50,41,36,13,4,0.0,Sunny,0
2015-01-25,1,2015,6,587,73,57,40,34,13,6,0.0,Sunny,0
2015-01-26,1,2015,0,253,74,60,43,37,10,5,0.0,Sunny,0
2015-01-27,1,2015,1,281,83,67,45,40,14,6,0.0,Sunny,0
2015-01-28,1,2015,2,245,81,62,49,42,14,4,0.0,Sunny,0
2015-01-29,1,2015,3,304,79,66,55,49,16,4,0.005,Sunny,0-0.5
2015-01-30,1,2015,4,273,58,53,39,36,14,6,0.005,Rain,0-0.5
2015-01-31,1,2015,5,122,62,56,61,51,15,4,0.31,Rain,0-0.5
2015-02-01,2,2015,6,317,73,59,61,54,17,7,0.02,Rain,0-0.5
2015-02-02,2,2015,0,89,49,41,30,24,15,6,0.0,Sunny,0
2015-02-03,2,2015,1,75,43,42,42,37,8,2,0.26,Rain,0-0.5
2015-02-04,2,2015,2,129,55,49,50,45,8,2,0.06,Rain,0-0.5
2015-02-05,2,2015,3,124,52,45,48,35,16,7,0.005,Sunny,0-0.5
2015-02-06,2,2015,4,300,60,49,42,38,10,3,0.0,Sunny,0
2015-02-07,2,2015,5,692,69,55,53,46,13,5,0.0,Sunny,0
2015-02-08,2,2015,6,696,78,68,57,56,14,6,0.0,Sunny,0
2015-02-09,2,2015,0,289,83,68,50,44,9,3,0.0,Sunny,0
2015-02-10,2,2015,1,215,81,64,49,44,10,4,0.0,Sunny,0
2015-02-11,2,2015,2,245,78,65,53,49,16,5,0.0,Sunny,0
2015-02-12,2,2015,3,213,62,53,40,34,16,7,0.0,Sunny,0
2015-02-13,2,2015,4,509,70,55,44,38,10,2,0.0,Sunny,0
2015-02-14,2,2015,5,1552,78,63,53,47,9,3,0.0,Sunny,0
2015-02-15,2,2015,6,993,68,63,62,58,10,5,0.005,Sunny,0-0.5
2015-02-16,2,2015,0,99,66,51,61,39,17,9,0.01,Rain,0-0.5
2015-02-17,2,2015,1,153,55,45,33,27,13,7,0.0,Sunny,0
2015-02-18,2,2015,2,341,66,49,34,29,13,4,0.0,Sunny,0
2015-02-19,2,2015,3,385,70,54,49,40,14,5,0.0,Sunny,0
2015-02-20,2,2015,4,366,75,65,60,56,16,9,0.0,Sunny,0
2015-02-21,2,2015,5,1024,78,67,61,56,14,6,0.0,Sunny,0
2015-02-22,2,2015,6,169,56,47,52,44,20,7,0.02,Rain,0-0.5
2015-02-23,2,2015,0,49,37,34,32,29,17,9,0.01,Rain,0-0.5
2015-02-24,2,2015,1,73,37,34,34,29,9,4,0.0,Sunny,0
2015-02-25,2,2015,2,202,63,49,36,34,13,3,0.01,Rain,0-0.5
2015-02-26,2,2015,3,142,52,43,37,31,15,7,0.0,Sunny,0
2015-02-27,2,2015,4,90,36,34,30,25,13,7,0.01,Rain,0-0.5
2015-02-28,2,2015,5,41,36,34,34,31,10,5,0.1,Rain,0-0.5
2015-03-01,3,2015,6,108,43,39,41,38,10,6,0.09,Rain,0-0.5
2015-03-02,3,2015,0,127,45,42,42,40,10,4,0.02,Rain,0-0.5
2015-03-03,3,2015,1,147,63,52,59,49,8,1,0.01,"Fog , Rain",0-0.5
2015-03-04,3,2015,2,138,70,52,67,56,21,6,0.15,"Fog , Rain , Thunderstorm",0-0.5
2015-03-05,3,2015,3,146,47,39,32,25,20,10,0.13,"Rain , Thunderstorm",0-0.5
2015-03-06,3,2015,4,354,57,42,29,23,8,2,0.0,Sunny,0
2015-03-07,3,2015,5,717,60,49,37,30,10,2,0.005,Sunny,0-0.5
2015-03-08,3,2015,6,93,54,51,51,48,12,3,0.45,Rain,0-0.5
2015-03-09,3,2015,0,66,55,52,52,49,8,4,2.17,Rain,2-10
2015-03-10,3,2015,1,479,63,57,52,50,9,4,0.0,Sunny,0
2015-03-11,3,2015,2,356,59,57,51,50,13,6,0.0,Sunny,0
2015-03-12,3,2015,3,729,73,63,55,52,13,5,0.02,Rain,0-0.5
2015-03-13,3,2015,4,1673,78,66,54,52,12,3,0.0,Sunny,0
2015-03-14,3,2015,5,2738,78,66,53,49,15,6,0.0,Sunny,0
2015-03-15,3,2015,6,2652,69,60,54,51,12,3,0.0,Sunny,0
2015-03-16,3,2015,0,2367,77,65,62,56,10,3,0.0,Sunny,0
2015-03-17,3,2015,1,2217,77,70,66,63,9,3,0.01,Rain,0-0.5
2015-03-18,3,2015,2,2471,81,71,65,61,13,4,0.13,Rain,0-0.5
2015-03-19,3,2015,3,3031,83,73,66,64,12,5,0.0,Sunny,0
2015-03-20,3,2015,4,1598,71,64,67,61,15,4,1.17,"Fog , Rain",0.5-2
2015-03-21,3,2015,5,1202,61,58,58,56,10,4,0.43,Rain,0-0.5
2015-03-22,3,2015,6,1188,78,68,59,57,9,4,0.0,Sunny,0
2015-03-23,3,2015,0,417,80,66,59,56,9,3,0.0,Sunny,0
2015-03-24,3,2015,1,401,83,71,62,60,14,7,0.0,Sunny,0
2015-03-25,3,2015,2,396,84,73,63,61,16,8,0.0,Sunny,0
2015-03-26,3,2015,3,394,70,62,65,48,20,10,0.05,Rain,0-0.5
2015-03-27,3,2015,4,746,82,64,44,36,13,4,0.0,Sunny,0
2015-03-28,3,2015,5,1299,84,66,49,44,13,5,0.0,Sunny,0
2015-03-29,3,2015,6,802,84,71,60,56,17,8,0.0,Sunny,0
2015-03-30,3,2015,0,523,80,72,64,62,12,5,0.0,Sunny,0
2015-03-31,3,2015,1,537,82,74,66,62,13,7,0.0,Sunny,0
2015-04-01,4,2015,2,413,83,76,67,65,14,7,0.005,Rain,0-0.5
2015-04-02,4,2015,3,610,84,76,68,66,15,8,0.0,Sunny,0
2015-04-03,4,2015,4,683,86,76,68,62,17,7,0.0,Sunny,0
2015-04-04,4,2015,5,923,69,63,48,44,17,8,0.0,Sunny,0
2015-04-05,4,2015,6,428,69,64,64,59,10,4,0.02,Rain,0-0.5
2015-04-06,4,2015,0,619,85,75,67,65,14,7,0.0,Sunny,0
2015-04-07,4,2015,1,438,87,78,67,65,16,8,0.0,Sunny,0
2015-04-08,4,2015,2,429,79,74,69,67,16,8,0.005,Sunny,0-0.5
2015-04-09,4,2015,3,503,87,79,71,67,15,7,0.0,Sunny,0
2015-04-10,4,2015,4,463,74,65,68,53,14,5,0.09,"Rain , Thunderstorm",0-0.5
2015-04-11,4,2015,5,591,70,65,66,62,7,3,0.005,Rain,0-0.5
2015-04-12,4,2015,6,603,82,75,69,67,13,5,0.01,Fog,0-0.5
2015-04-13,4,2015,0,467,87,76,70,65,13,4,0.09,"Rain , Thunderstorm",0-0.5
2015-04-14,4,2015,1,429,77,67,61,55,12,6,0.0,Sunny,0
2015-04-15,4,2015,2,465,83,69,65,56,14,4,0.0,Sunny,0
2015-04-16,4,2015,3,418,81,74,70,66,17,4,0.01,"Rain , Thunderstorm",0-0.5
2015-04-17,4,2015,4,455,75,71,70,65,12,4,0.41,"Rain , Thunderstorm",0-0.5
2015-04-18,4,2015,5,958,77,66,66,63,28,4,0.57,"Fog , Rain , Thunderstorm",0.5-2
2015-04-19,4,2015,6,847,89,73,69,58,15,6,0.0,"Fog , Thunderstorm",0
2015-04-20,4,2015,0,466,73,64,48,43,15,6,0.0,Sunny,0
2015-04-21,4,2015,1,374,81,66,63,53,13,5,0.0,Sunny,0
2015-04-22,4,2015,2,401,81,74,68,65,16,7,0.005,Sunny,0-0.5
2015-04-23,4,2015,3,485,85,77,72,69,10,4,0.0,Sunny,0
2015-04-24,4,2015,4,621,85,77,74,72,14,5,0.43,"Rain , Thunderstorm",0-0.5
2015-04-25,4,2015,5,1103,93,82,73,64,12,5,0.04,Thunderstorm,0-0.5
2015-04-26,4,2015,6,710,86,78,72,69,18,8,0.08,"Rain , Thunderstorm",0-0.5
2015-04-27,4,2015,0,511,85,74,70,62,17,4,0.56,"Rain , Thunderstorm",0.5-2
2015-04-28,4,2015,1,301,65,59,59,52,17,8,0.0,Sunny,0
2015-04-29,4,2015,2,366,77,63,48,45,12,5,0.0,Sunny,0
2015-04-30,4,2015,3,474,83,67,51,49,10,3,0.0,Sunny,0
2015-05-01,5,2015,4,529,84,70,56,52,10,2,0.0,Sunny,0
2015-05-02,5,2015,5,1006,83,71,55,53,13,4,0.0,Sunny,0
2015-05-03,5,2015,6,819,84,71,62,58,15,6,0.0,Sunny,0
2015-05-04,5,2015,0,367,84,75,66,63,16,8,0.0,Sunny,0
2015-05-05,5,2015,1,323,83,75,70,67,20,7,3.84,"Fog , Rain , Thunderstorm",2-10
2015-05-06,5,2015,2,360,87,79,71,69,14,8,0.01,Rain,0-0.5
2015-05-07,5,2015,3,388,83,78,73,71,17,9,0.02,Rain,0-0.5
2015-05-08,5,2015,4,392,79,76,75,73,13,6,0.29,"Rain , Thunderstorm",0-0.5
2015-05-09,5,2015,5,780,85,79,73,71,17,9,0.02,"Rain , Thunderstorm",0-0.5
2015-05-10,5,2015,6,633,87,82,72,71,17,10,0.0,Sunny,0
2015-05-11,5,2015,0,195,79,74,73,67,12,5,0.4,"Rain , Thunderstorm",0-0.5
2015-05-12,5,2015,1,137,69,67,67,65,10,5,0.23,Rain,0-0.5
2015-05-13,5,2015,2,100,70,67,70,66,14,4,1.12,"Fog , Rain , Thunderstorm",0.5-2
2015-05-14,5,2015,3,318,87,78,74,71,15,5,0.08,Rain,0-0.5
2015-05-15,5,2015,4,357,77,72,71,68,13,4,0.36,"Rain , Thunderstorm",0-0.5
2015-05-16,5,2015,5,940,87,77,73,70,18,9,0.0,Sunny,0
2015-05-17,5,2015,6,593,84,75,72,68,22,5,2.6,"Rain , Thunderstorm",2-10
2015-05-18,5,2015,0,447,88,81,75,72,12,5,0.0,Rain,0
2015-05-19,5,2015,1,438,89,82,75,72,17,8,0.005,Rain,0-0.5
2015-05-20,5,2015,2,393,89,81,76,72,13,5,0.33,"Rain , Thunderstorm",0-0.5
2015-05-21,5,2015,3,378,76,69,74,63,15,6,0.02,"Rain , Thunderstorm",0-0.5
2015-05-22,5,2015,4,396,77,70,71,67,10,4,0.03,Rain,0-0.5
2015-05-23,5,2015,5,433,87,77,74,71,18,7,1.41,"Fog , Rain , Thunderstorm",0.5-2
2015-05-24,5,2015,6,1511,82,73,70,68,8,6,0.76,Rain,0.5-2
2015-05-25,5,2015,0,402,82,74,74,69,16,5,5.2,"Fog , Rain , Thunderstorm",2-10
2015-05-26,5,2015,1,461,89,78,75,69,13,6,0.0,Thunderstorm,0
2015-05-27,5,2015,2,322,85,76,75,70,12,5,0.005,"Rain , Thunderstorm",0-0.5
2015-05-28,5,2015,3,306,87,78,79,73,15,6,0.2,"Rain , Thunderstorm",0-0.5
2015-05-29,5,2015,4,627,89,77,73,66,21,5,0.67,"Rain , Thunderstorm",0.5-2
2015-05-30,5,2015,5,726,88,79,70,68,12,2,0.005,"Rain , Thunderstorm",0-0.5
2015-05-31,5,2015,6,765,86,77,67,64,9,2,0.0,Sunny,0
2015-06-01,6,2015,0,454,88,76,66,65,8,2,0.0,Sunny,0
2015-06-02,6,2015,1,363,90,79,70,66,9,2,0.0,Sunny,0
2015-06-03,6,2015,2,491,89,78,70,66,13,5,0.0,Sunny,0
2015-06-04,6,2015,3,458,88,78,70,66,12,4,0.0,Sunny,0
2015-06-05,6,2015,4,528,90,80,72,68,12,4,0.005,Sunny,0-0.5
2015-06-06,6,2015,5,730,90,80,70,67,9,3,0.0,Sunny,0
2015-06-07,6,2015,6,698,91,81,70,67,12,4,0.0,Sunny,0
2015-06-08,6,2015,0,423,93,82,71,68,9,3,0.0,Sunny,0
2015-06-09,6,2015,1,360,95,84,70,67,8,3,0.0,Sunny,0
2015-06-10,6,2015,2,430,93,83,70,68,10,4,0.0,Sunny,0
2015-06-11,6,2015,3,388,94,84,72,70,15,7,0.0,Sunny,0
2015-06-12,6,2015,4,569,93,84,75,73,13,6,0.01,Sunny,0-0.5
2015-06-13,6,2015,5,937,95,85,74,72,18,7,0.005,Sunny,0-0.5
2015-06-14,6,2015,6,469,86,79,76,73,13,6,1.34,"Fog , Rain , Thunderstorm",0.5-2
2015-06-15,6,2015,0,350,89,82,76,73,16,4,0.19,"Rain , Thunderstorm",0-0.5
2015-06-16,6,2015,1,150,83,78,75,73,15,7,1.34,"Fog , Rain , Thunderstorm",0.5-2
2015-06-17,6,2015,2,209,89,81,77,74,23,5,2.66,"Fog , Rain , Thunderstorm",2-10
2015-06-18,6,2015,3,376,90,82,75,73,12,4,0.0,Thunderstorm,0
2015-06-19,6,2015,4,434,84,78,76,73,13,1,1.09,"Fog , Rain , Thunderstorm",0.5-2
2015-06-20,6,2015,5,633,83,78,77,73,17,3,0.49,"Fog , Rain , Thunderstorm",0-0.5
2015-06-21,6,2015,6,402,86,79,78,75,17,4,0.93,"Fog , Rain , Thunderstorm",0.5-2
2015-06-22,6,2015,0,420,89,81,77,74,10,5,0.0,Sunny,0
2015-06-23,6,2015,1,331,92,84,76,73,13,5,0.0,Thunderstorm,0
2015-06-24,6,2015,2,379,92,83,74,73,12,3,0.0,Sunny,0
2015-06-25,6,2015,3,413,93,83,74,72,12,4,0.0,Sunny,0
2015-06-26,6,2015,4,498,93,85,74,73,10,6,0.0,Sunny,0
2015-06-27,6,2015,5,829,91,83,75,73,14,1,0.01,"Rain , Thunderstorm",0-0.5
2015-06-28,6,2015,6,517,91,82,75,73,13,2,0.08,"Rain , Thunderstorm",0-0.5
2015-06-29,6,2015,0,375,93,84,74,72,10,5,0.0,Sunny,0
2015-06-30,6,2015,1,280,94,84,76,73,14,4,0.75,"Fog , Rain , Thunderstorm",0.5-2
2015-07-01,7,2015,2,396,91,81,75,71,17,4,0.005,Rain,0-0.5
2015-07-02,7,2015,3,481,91,81,73,71,16,6,0.005,Sunny,0-0.5
2015-07-03,7,2015,4,940,91,84,74,72,12,6,0.005,Sunny,0-0.5
2015-07-04,7,2015,5,1337,92,84,74,73,14,7,0.0,Sunny,0
2015-07-05,7,2015,6,898,91,84,75,73,14,7,0.0,Sunny,0
2015-07-06,7,2015,0,464,91,84,74,72,16,8,0.0,Sunny,0
2015-07-07,7,2015,1,399,91,85,75,73,16,8,0.005,Sunny,0-0.5
2015-07-08,7,2015,2,450,91,85,74,72,18,8,0.0,Sunny,0
2015-07-09,7,2015,3,426,93,85,74,71,16,8,0.0,Sunny,0
2015-07-10,7,2015,4,493,94,84,74,70,13,6,0.0,Sunny,0
2015-07-11,7,2015,5,667,93,83,73,70,14,5,0.0,Sunny,0
2015-07-12,7,2015,6,638,94,84,73,71,12,5,0.0,Sunny,0
2015-07-13,7,2015,0,329,96,86,73,71,13,5,0.0,Sunny,0
2015-07-14,7,2015,1,366,97,86,72,69,10,6,0.0,Sunny,0
2015-07-15,7,2015,2,397,95,85,72,70,13,6,0.0,Sunny,0
2015-07-16,7,2015,3,523,95,85,72,70,12,6,0.0,Sunny,0
2015-07-17,7,2015,4,563,96,86,74,72,13,7,0.0,Sunny,0
2015-07-18,7,2015,5,783,98,88,74,72,14,7,0.0,Sunny,0
2015-07-19,7,2015,6,517,97,87,74,72,13,6,0.0,Sunny,0
2015-07-20,7,2015,0,403,97,86,73,71,12,5,0.0,Sunny,0
2015-07-21,7,2015,1,361,97,86,73,71,13,6,0.0,Sunny,0
2015-07-22,7,2015,2,469,97,87,74,72,13,7,0.0,Sunny,0
2015-07-23,7,2015,3,387,99,88,73,70,14,7,0.0,Sunny,0
2015-07-24,7,2015,4,493,99,88,74,71,13,6,0.0,Sunny,0
2015-07-25,7,2015,5,744,98,87,73,70,12,5,0.0,Sunny,0
2015-07-26,7,2015,6,502,98,87,75,72,12,6,0.0,Sunny,0
2015-07-27,7,2015,0,371,100,89,75,72,13,6,0.0,Sunny,0
2015-07-28,7,2015,1,455,100,89,75,71,14,8,0.0,Sunny,0
2015-07-29,7,2015,2,376,101,89,74,71,12,6,0.0,Sunny,0
2015-07-30,7,2015,3,300,101,88,71,66,10,2,0.0,Sunny,0
2015-07-31,7,2015,4,404,102,90,70,68,13,4,0.0,Sunny,0
2015-08-01,8,2015,5,686,99,86,64,61,10,3,0.0,Sunny,0
2015-08-02,8,2015,6,591,100,88,66,61,10,3,0.0,Sunny,0
2015-08-03,8,2015,0,444,99,87,69,64,13,4,0.0,Sunny,0
2015-08-04,8,2015,1,378,100,89,74,70,12,6,0.0,Sunny,0
2015-08-05,8,2015,2,537,101,90,75,71,13,7,0.0,Sunny,0
2015-08-06,8,2015,3,466,102,90,73,71,13,7,0.0,Sunny,0
2015-08-07,8,2015,4,478,101,89,73,70,13,6,0.0,Sunny,0
2015-08-08,8,2015,5,719,103,90,73,73,20,10,0.0,Sunny,0
2015-08-09,8,2015,6,531,103,89,62,57,13,5,0.0,Sunny,0
2015-08-10,8,2015,0,322,105,90,62,57,14,6,0.0,Sunny,0
2015-08-11,8,2015,1,295,105,90,62,57,13,5,0.0,Sunny,0
2015-08-12,8,2015,2,470,105,92,69,68,13,3,0.0,Sunny,0
2015-08-13,8,2015,3,320,104,91,70,67,10,3,0.0,Sunny,0
2015-08-14,8,2015,4,447,101,90,74,69,10,4,0.0,Sunny,0
2015-08-15,8,2015,5,696,98,89,73,66,10,3,0.0,Thunderstorm,0
2015-08-16,8,2015,6,494,98,87,70,67,13,4,0.0,Sunny,0
2015-08-17,8,2015,0,351,98,86,71,68,12,4,0.0,Sunny,0
2015-08-18,8,2015,1,426,99,88,73,70,14,7,0.0,Sunny,0
2015-08-19,8,2015,2,415,99,89,74,72,13,6,0.0,Sunny,0
2015-08-20,8,2015,3,323,84,79,74,71,13,4,0.35,"Rain , Thunderstorm",0-0.5
2015-08-21,8,2015,4,490,92,82,74,71,14,5,0.005,Rain,0-0.5
2015-08-22,8,2015,5,728,99,87,75,73,13,6,0.0,Sunny,0
2015-08-23,8,2015,6,485,101,89,76,72,12,5,0.0,Sunny,0
2015-08-24,8,2015,0,313,101,89,73,68,9,2,0.0,Sunny,0
2015-08-25,8,2015,1,308,101,89,71,68,12,3,0.0,Sunny,0
2015-08-26,8,2015,2,353,98,86,71,68,8,3,0.0,Sunny,0
2015-08-27,8,2015,3,384,98,86,72,64,12,4,0.0,Sunny,0
2015-08-28,8,2015,4,356,98,85,65,60,12,4,0.0,Sunny,0
2015-08-29,8,2015,5,814,95,83,65,63,9,3,0.0,Sunny,0
2015-08-30,8,2015,6,498,96,86,67,65,10,3,0.0,Sunny,0
2015-08-31,8,2015,0,405,97,86,72,67,16,5,0.0,Sunny,0
2015-09-01,9,2015,1,364,94,84,72,69,14,5,0.0,Sunny,0
2015-09-02,9,2015,2,390,95,83,70,67,12,4,0.0,Sunny,0
2015-09-03,9,2015,3,406,94,84,71,69,13,3,0.0,Sunny,0
2015-09-04,9,2015,4,629,100,88,74,72,14,6,0.0,Sunny,0
2015-09-05,9,2015,5,750,101,90,77,73,16,7,0.01,Sunny,0-0.5
2015-09-06,9,2015,6,954,100,88,75,71,12,6,0.0,Sunny,0
2015-09-07,9,2015,0,689,100,88,74,70,13,6,0.0,Sunny,0
2015-09-08,9,2015,1,347,99,88,74,71,10,5,0.0,Sunny,0
2015-09-09,9,2015,2,363,93,84,75,73,10,3,1.05,"Rain , Thunderstorm",0.5-2
2015-09-10,9,2015,3,299,96,84,76,73,16,2,0.79,"Fog , Rain , Thunderstorm",0.5-2
2015-09-11,9,2015,4,498,93,84,75,73,12,3,0.005,Sunny,0-0.5
2015-09-12,9,2015,5,774,91,80,72,57,13,5,0.0,Sunny,0
2015-09-13,9,2015,6,658,91,77,58,51,13,4,0.0,Sunny,0
2015-09-14,9,2015,0,448,90,77,68,57,12,5,0.0,Sunny,0
2015-09-15,9,2015,1,376,95,84,72,70,16,5,0.005,Sunny,0-0.5
2015-09-16,9,2015,2,304,93,84,74,72,13,6,0.04,Rain,0-0.5
2015-09-17,9,2015,3,448,96,86,73,71,13,6,0.0,Sunny,0
2015-09-18,9,2015,4,555,96,86,73,70,12,6,0.0,Sunny,0
2015-09-19,9,2015,5,689,96,85,73,68,9,3,0.0,Sunny,0
2015-09-20,9,2015,6,602,95,82,70,63,9,3,0.0,Sunny,0
2015-09-21,9,2015,0,423,95,84,71,64,12,4,0.0,Sunny,0
2015-09-22,9,2015,1,334,97,84,67,64,10,4,0.0,Sunny,0
2015-09-23,9,2015,2,434,94,81,69,62,10,2,0.0,Sunny,0
2015-09-24,9,2015,3,408,95,82,64,58,10,2,0.0,Sunny,0
2015-09-25,9,2015,4,481,96,84,67,64,12,2,0.005,"Rain , Thunderstorm",0-0.5
2015-09-26,9,2015,5,855,95,82,65,59,12,3,0.0,Sunny,0
2015-09-27,9,2015,6,533,95,81,67,59,13,2,0.0,Sunny,0
2015-09-28,9,2015,0,419,89,79,66,63,12,3,0.0,Sunny,0
2015-09-29,9,2015,1,404,94,81,66,64,10,2,0.0,Sunny,0
2015-09-30,9,2015,2,410,95,83,65,62,10,2,0.0,Sunny,0
2015-10-01,10,2015,3,576,94,82,63,60,12,4,0.0,Sunny,0
2015-10-02,10,2015,4,1375,89,78,58,50,12,5,0.0,Sunny,0
2015-10-03,10,2015,5,1856,87,72,45,43,8,3,0.0,Sunny,0
2015-10-04,10,2015,6,1642,87,73,50,47,8,2,0.0,Sunny,0
2015-10-05,10,2015,0,643,85,76,56,52,9,2,0.0,Sunny,0
2015-10-06,10,2015,1,589,90,77,56,53,8,3,0.0,Sunny,0
2015-10-07,10,2015,2,473,91,77,63,58,12,3,0.0,Sunny,0
2015-10-08,10,2015,3,650,91,80,69,64,10,3,0.0,Sunny,0
2015-10-09,10,2015,4,1368,88,80,66,64,8,2,0.0,Sunny,0
2015-10-10,10,2015,5,2098,90,79,62,59,10,3,0.0,Sunny,0
2015-10-11,10,2015,6,1787,95,80,64,61,13,4,0.0,Sunny,0
2015-10-12,10,2015,0,754,99,86,73,67,13,6,0.0,Sunny,0
2015-10-13,10,2015,1,508,94,79,73,45,12,5,0.0,Sunny,0
2015-10-14,10,2015,2,437,96,78,49,41,9,3,0.0,Sunny,0
2015-10-15,10,2015,3,496,95,79,67,56,12,4,0.0,Sunny,0
2015-10-16,10,2015,4,632,90,76,66,56,12,2,0.0,Sunny,0
2015-10-17,10,2015,5,936,88,75,54,48,9,4,0.0,Sunny,0
2015-10-18,10,2015,6,755,84,71,42,35,9,4,0.0,Sunny,0
2015-10-19,10,2015,0,557,86,70,53,45,12,4,0.0,Sunny,0
2015-10-20,10,2015,1,448,87,73,68,58,13,4,0.0,Sunny,0
2015-10-21,10,2015,2,402,86,79,70,68,16,8,0.005,Rain,0-0.5
2015-10-22,10,2015,3,347,82,76,74,70,16,7,0.16,Rain,0-0.5
2015-10-23,10,2015,4,281,80,76,76,73,21,6,0.43,"Rain , Thunderstorm",0-0.5
2015-10-24,10,2015,5,55,76,68,74,66,17,9,4.79,Rain,2-10
2015-10-25,10,2015,6,139,64,61,58,57,17,9,0.65,Rain,0.5-2
2015-10-26,10,2015,0,455,79,69,57,54,15,6,0.0,Sunny,0
2015-10-27,10,2015,1,423,84,71,56,53,8,3,0.0,Sunny,0
2015-10-28,10,2015,2,664,82,70,54,50,18,4,0.0,Sunny,0
2015-10-29,10,2015,3,702,81,66,64,54,12,4,0.0,Sunny,0
2015-10-30,10,2015,4,160,75,71,73,70,29,8,4.93,"Fog , Rain , Thunderstorm",2-10
2015-10-31,10,2015,5,656,77,71,73,65,16,4,0.89,"Rain , Thunderstorm",0.5-2
2015-11-01,11,2015,6,730,75,67,59,57,8,3,0.07,Rain,0-0.5
2015-11-02,11,2015,0,469,79,68,60,58,10,3,0.0,Fog,0
2015-11-03,11,2015,1,393,80,69,62,59,10,3,0.0,Fog,0
2015-11-04,11,2015,2,390,78,70,68,64,13,5,0.005,Rain,0-0.5
2015-11-05,11,2015,3,363,85,79,74,72,12,6,0.05,"Rain , Thunderstorm",0-0.5
2015-11-06,11,2015,4,595,76,68,71,54,14,3,0.02,Rain,0-0.5
2015-11-07,11,2015,5,392,63,60,57,54,17,8,0.53,"Fog , Rain",0.5-2
2015-11-08,11,2015,6,750,71,62,47,43,13,5,0.0,Sunny,0
2015-11-09,11,2015,0,492,73,63,55,50,6,1,0.0,Sunny,0
2015-11-10,11,2015,1,363,74,67,67,63,12,4,0.0,Sunny,0
2015-11-11,11,2015,2,409,85,77,71,64,13,7,0.0,Sunny,0
2015-11-12,11,2015,3,407,71,64,41,36,16,6,0.0,Sunny,0
2015-11-13,11,2015,4,511,65,61,43,39,7,4,0.0,Sunny,0
2015-11-14,11,2015,5,477,65,60,52,46,8,3,0.01,Rain,0-0.5
2015-11-15,11,2015,6,506,70,62,62,53,9,4,0.0,Sunny,0
2015-11-16,11,2015,0,249,75,70,71,67,16,7,0.01,Rain,0-0.5
2015-11-17,11,2015,1,260,75,61,70,55,18,4,1.03,Rain,0.5-2
2015-11-18,11,2015,2,426,72,58,45,42,9,2,0.0,Sunny,0
2015-11-19,11,2015,3,454,79,63,51,46,8,1,0.0,Sunny,0
2015-11-20,11,2015,4,659,77,65,61,55,12,4,0.0,Sunny,0
2015-11-21,11,2015,5,460,66,54,63,47,22,7,0.005,Sunny,0-0.5
2015-11-22,11,2015,6,461,59,47,33,29,8,2,0.0,Sunny,0
2015-11-23,11,2015,0,275,63,48,41,33,9,2,0.0,Sunny,0
2015-11-24,11,2015,1,373,64,56,58,50,9,3,0.0,Sunny,0
2015-11-25,11,2015,2,367,74,68,64,61,14,5,0.005,Rain,0-0.5
2015-11-26,11,2015,3,140,74,71,71,69,14,7,0.26,Rain,0-0.5
2015-11-27,11,2015,4,110,74,58,71,58,15,7,1.46,"Fog , Rain",0.5-2
2015-11-28,11,2015,5,45,44,42,42,39,13,7,0.25,Rain,0-0.5
2015-11-29,11,2015,6,75,47,45,44,42,9,4,0.04,Rain,0-0.5
2015-11-30,11,2015,0,161,55,50,48,45,7,2,0.0,Sunny,0
2015-12-01,12,2015,1,258,59,53,46,43,7,2,0.0,Sunny,0
2015-12-02,12,2015,2,278,68,55,48,40,9,3,0.0,Fog,0
2015-12-03,12,2015,3,271,63,52,38,37,8,1,0.0,Sunny,0
2015-12-04,12,2015,4,277,63,50,43,38,9,2,0.0,Sunny,0
2015-12-05,12,2015,5,534,65,51,43,39,9,2,0.0,Sunny,0
2015-12-06,12,2015,6,502,70,57,51,46,10,2,0.0,Sunny,0
2015-12-07,12,2015,0,355,69,57,47,43,7,1,0.0,Sunny,0
2015-12-08,12,2015,1,357,75,59,54,48,12,3,0.0,Sunny,0
2015-12-09,12,2015,2,383,76,62,50,47,8,2,0.0,Sunny,0
2015-12-10,12,2015,3,382,78,65,62,58,10,4,0.0,Sunny,0
2015-12-11,12,2015,4,424,79,66,65,61,14,6,0.0,Fog,0
2015-12-12,12,2015,5,322,75,73,70,67,17,9,0.01,Rain,0-0.5
2015-12-13,12,2015,6,208,74,60,69,52,23,4,1.54,Rain,0.5-2
2015-12-14,12,2015,0,368,75,59,46,41,10,3,0.0,Sunny,0
2015-12-15,12,2015,1,319,75,64,65,60,9,4,0.0,Sunny,0
2015-12-16,12,2015,2,292,63,55,39,29,15,8,0.0,Sunny,0
2015-12-17,12,2015,3,244,68,54,37,31,14,4,0.0,Sunny,0
2015-12-18,12,2015,4,244,58,46,35,31,13,3,0.0,Sunny,0
2015-12-19,12,2015,5,421,66,51,48,40,13,4,0.0,Sunny,0
2015-12-20,12,2015,6,223,67,59,62,56,13,5,0.005,Rain,0-0.5
2015-12-21,12,2015,0,373,76,65,64,61,8,2,0.0,Sunny,0
2015-12-22,12,2015,1,414,79,64,66,57,13,5,0.0,Sunny,0
2015-12-23,12,2015,2,325,81,67,66,54,15,3,0.0,Sunny,0
2015-12-24,12,2015,3,266,74,63,63,56,10,1,0.0,Sunny,0
2015-12-25,12,2015,4,329,70,61,66,53,9,2,0.0,Sunny,0
2015-12-26,12,2015,5,303,78,74,70,69,21,10,0.1,Rain,0-0.5
2015-12-27,12,2015,6,52,73,55,69,47,21,10,1.32,"Rain , Thunderstorm",0.5-2
2015-12-28,12,2015,0,148,46,41,34,30,21,8,0.005,Sunny,0-0.5
2015-12-29,12,2015,1,307,49,43,43,36,8,3,0.03,Rain,0-0.5
2015-12-30,12,2015,2,463,57,49,44,42,9,4,0.005,Rain,0-0.5
2015-12-31,12,2015,3,415,53,46,40,39,13,6,0.0,Sunny,0
2016-01-01,1,2016,4,640,48,46,36,33,15,8,0.005,Rain,0-0.5
2016-01-02,1,2016,5,400,47,45,42,34,8,2,0.2,Rain,0-0.5
2016-01-03,1,2016,6,742,62,52,43,39,9,3,0.005,Rain,0-0.5
2016-01-04,1,2016,0,642,58,48,33,31,9,4,0.0,Sunny,0
2016-01-05,1,2016,1,599,56,46,40,36,9,3,0.005,Rain,0-0.5
2016-01-06,1,2016,2,302,53,50,52,47,9,3,0.13,"Rain , Thunderstorm",0-0.5
2016-01-07,1,2016,3,801,73,61,53,50,9,2,0.0,Fog,0
2016-01-08,1,2016,4,895,66,55,57,50,13,3,0.0,Thunderstorm,0
2016-01-09,1,2016,5,728,58,48,44,34,18,9,0.0,Sunny,0
2016-01-10,1,2016,6,452,50,42,28,26,12,4,0.0,Sunny,0
2016-01-11,1,2016,0,711,56,45,32,28,7,1,0.0,Sunny,0
2016-01-12,1,2016,1,571,66,50,39,34,10,2,0.0,Sunny,0
2016-01-13,1,2016,2,730,66,52,42,39,10,2,0.0,Sunny,0
2016-01-14,1,2016,3,600,70,59,55,50,12,3,0.0,Sunny,0
2016-01-15,1,2016,4,966,70,59,53,39,10,3,0.0,Sunny,0
2016-01-16,1,2016,5,828,64,54,43,37,20,5,0.005,Rain,0-0.5
2016-01-17,1,2016,6,974,57,45,35,32,12,3,0.0,Sunny,0
2016-01-18,1,2016,0,722,59,48,38,36,8,2,0.0,Sunny,0
2016-01-19,1,2016,1,696,69,56,51,47,14,4,0.0,Sunny,0
2016-01-20,1,2016,2,477,57,51,51,39,12,4,0.0,Sunny,0
2016-01-21,1,2016,3,446,64,54,56,46,22,7,0.01,Rain,0-0.5
2016-01-22,1,2016,4,635,54,46,30,29,18,8,0.0,Sunny,0
2016-01-23,1,2016,5,1078,57,44,32,30,8,3,0.0,Sunny,0
2016-01-24,1,2016,6,712,70,53,52,41,14,5,0.0,Sunny,0
2016-01-25,1,2016,0,619,75,66,57,51,10,4,0.0,Sunny,0
2016-01-26,1,2016,1,344,58,51,36,32,18,10,0.005,Rain,0-0.5
2016-01-27,1,2016,2,409,59,48,30,26,14,5,0.0,Sunny,0
2016-01-28,1,2016,3,574,71,52,36,32,10,2,0.0,Sunny,0
2016-01-29,1,2016,4,980,76,57,39,35,14,4,0.0,Sunny,0
2016-01-30,1,2016,5,1428,77,62,56,46,14,6,0.0,Sunny,0
2016-01-31,1,2016,6,1460,86,72,58,54,12,5,0.0,Sunny,0
2016-02-01,2,2016,0,404,77,66,61,54,18,8,0.0,Fog,0
2016-02-02,2,2016,1,347,72,62,36,27,16,6,0.0,Sunny,0
2016-02-03,2,2016,2,263,58,49,27,25,15,7,0.0,Sunny,0
2016-02-04,2,2016,3,266,59,47,28,23,8,3,0.0,Sunny,0
2016-02-05,2,2016,4,324,62,48,39,28,15,4,0.0,Sunny,0
2016-02-06,2,2016,5,512,60,51,41,31,15,7,0.0,"Rain , Thunderstorm",0
2016-02-07,2,2016,6,417,68,50,37,33,13,3,0.0,Sunny,0
2016-02-08,2,2016,0,286,65,56,33,20,17,8,0.0,Sunny,0
2016-02-09,2,2016,1,317,74,57,33,27,14,6,0.0,Sunny,0
2016-02-10,2,2016,2,325,74,56,36,33,9,3,0.0,Sunny,0
2016-02-11,2,2016,3,373,83,68,47,37,13,5,0.0,Sunny,0
2016-02-12,2,2016,4,607,79,63,48,43,10,3,0.0,Sunny,0
2016-02-13,2,2016,5,1043,75,64,54,47,15,6,0.0,Sunny,0
2016-02-14,2,2016,6,901,75,66,57,55,15,6,0.0,Sunny,0
2016-02-15,2,2016,0,571,74,62,58,49,16,5,0.0,Sunny,0
2016-02-16,2,2016,1,375,82,63,47,40,12,4,0.0,Sunny,0
2016-02-17,2,2016,2,368,75,63,42,33,13,6,0.0,Sunny,0
2016-02-18,2,2016,3,367,79,67,58,54,16,9,0.0,Sunny,0
2016-02-19,2,2016,4,480,81,73,62,58,16,8,0.0,Sunny,0
2016-02-20,2,2016,5,841,76,71,64,62,14,6,0.0,Sunny,0
2016-02-21,2,2016,6,425,71,68,65,63,9,3,0.01,Rain,0-0.5
2016-02-22,2,2016,0,379,72,65,59,56,12,4,0.0,Sunny,0
2016-02-23,2,2016,1,162,61,54,58,50,23,9,1.33,"Rain , Thunderstorm",0.5-2
2016-02-24,2,2016,2,253,65,54,38,30,18,7,0.0,Sunny,0
2016-02-25,2,2016,3,343,69,54,34,31,13,5,0.0,Sunny,0
2016-02-26,2,2016,4,510,64,53,36,29,10,3,0.0,Sunny,0
2016-02-27,2,2016,5,926,73,58,52,45,14,5,0.0,Sunny,0
2016-02-28,2,2016,6,597,78,67,59,55,13,7,0.0,Sunny,0
2016-02-29,2,2016,0,373,77,70,61,60,13,6,0.0,Sunny,0
2016-03-01,3,2016,1,411,81,70,62,55,16,8,0.0,Sunny,0
2016-03-02,3,2016,2,362,78,64,62,47,16,6,0.0,Sunny,0
2016-03-03,3,2016,3,407,83,73,64,50,17,7,0.0,Sunny,0
2016-03-04,3,2016,4,644,76,61,47,37,12,4,0.0,Sunny,0
2016-03-05,3,2016,5,1089,79,68,56,54,12,6,0.0,Sunny,0
2016-03-06,3,2016,6,1082,77,68,60,57,16,9,0.0,Sunny,0
2016-03-07,3,2016,0,405,76,70,65,62,21,11,0.01,Rain,0-0.5
2016-03-08,3,2016,1,466,83,76,69,66,17,9,0.22,"Rain , Thunderstorm",0-0.5
2016-03-09,3,2016,2,157,71,65,67,58,15,8,2.18,"Rain , Thunderstorm",2-10
2016-03-10,3,2016,3,317,64,61,61,59,16,8,0.4,Rain,0-0.5
2016-03-11,3,2016,4,804,71,65,63,61,9,3,0.36,"Rain , Thunderstorm",0-0.5
2016-03-12,3,2016,5,1908,74,66,58,56,9,4,0.005,Rain,0-0.5
2016-03-13,3,2016,6,1784,85,71,61,51,15,4,0.0,Sunny,0
2016-03-14,3,2016,0,1555,92,73,63,50,14,5,0.0,Sunny,0
2016-03-15,3,2016,1,1755,92,80,68,58,12,6,0.0,Sunny,0
2016-03-16,3,2016,2,2034,81,71,67,57,13,5,0.0,Sunny,0
2016-03-17,3,2016,3,2213,79,73,67,66,7,4,0.02,Rain,0-0.5
2016-03-18,3,2016,4,2047,79,68,69,66,17,5,0.07,"Rain , Thunderstorm",0-0.5
2016-03-19,3,2016,5,2026,62,55,49,36,18,11,0.0,Sunny,0
2016-03-20,3,2016,6,838,64,53,32,28,15,5,0.0,Sunny,0
2016-03-21,3,2016,0,541,68,52,39,34,12,4,0.0,Sunny,0
2016-03-22,3,2016,1,429,78,62,58,50,17,9,0.0,Sunny,0
2016-03-23,3,2016,2,544,82,74,65,62,15,9,0.05,Sunny,0-0.5
2016-03-24,3,2016,3,600,70,59,67,46,17,8,0.15,"Rain , Thunderstorm",0-0.5
2016-03-25,3,2016,4,984,73,57,46,41,12,4,0.0,Sunny,0
2016-03-26,3,2016,5,1249,74,61,57,53,13,4,0.0,Sunny,0
2016-03-27,3,2016,6,885,74,65,63,55,15,5,0.005,Rain,0-0.5
2016-03-28,3,2016,0,631,75,62,46,42,10,4,0.0,Sunny,0
2016-03-29,3,2016,1,424,69,64,68,62,13,6,0.02,Rain,0-0.5
2016-03-30,3,2016,2,387,77,73,70,69,14,7,0.03,Rain,0-0.5
2016-03-31,3,2016,3,588,86,76,69,56,12,5,0.0,Sunny,0
2016-05-01,5,2016,6,696,78,72,65,60,13,7,0.005,Sunny,0-0.5
2016-05-02,5,2016,0,410,70,64,54,51,15,7,0.005,"Rain , Thunderstorm",0-0.5
2016-05-03,5,2016,1,463,78,67,51,48,12,4,0.0,Sunny,0
2016-05-04,5,2016,2,419,87,71,55,51,13,5,0.0,Sunny,0
2016-05-05,5,2016,3,519,89,74,56,53,8,4,0.0,Sunny,0
2016-05-06,5,2016,4,737,86,71,55,53,10,3,0.0,Sunny,0
2016-05-07,5,2016,5,934,85,73,62,58,17,6,0.0,Sunny,0
2016-05-08,5,2016,6,315,73,70,69,65,17,8,0.11,Rain,0-0.5
2016-05-09,5,2016,0,477,87,77,70,66,16,7,0.0,Sunny,0
2016-05-10,5,2016,1,474,91,79,74,70,17,8,0.27,"Rain , Thunderstorm",0-0.5
2016-05-11,5,2016,2,596,87,76,73,67,18,6,0.33,"Rain , Thunderstorm",0-0.5
2016-05-12,5,2016,3,519,84,76,70,68,17,4,0.11,"Rain , Thunderstorm",0-0.5
2016-05-13,5,2016,4,823,87,79,70,67,8,4,0.005,Sunny,0-0.5
2016-05-14,5,2016,5,578,81,72,71,68,9,2,0.77,"Rain , Thunderstorm",0.5-2
2016-05-15,5,2016,6,873,72,67,67,62,9,4,0.23,Rain,0-0.5
2016-05-16,5,2016,0,541,80,74,67,66,12,5,0.26,Rain,0-0.5
2016-05-17,5,2016,1,494,82,74,69,66,20,5,0.2,"Rain , Thunderstorm",0-0.5
2016-05-18,5,2016,2,612,78,71,63,61,15,7,0.16,"Rain , Thunderstorm",0-0.5
2016-05-19,5,2016,3,319,76,69,65,61,15,5,2.25,"Rain , Thunderstorm",2-10
2016-05-20,5,2016,4,983,83,73,66,62,8,3,0.0,Sunny,0
2016-05-21,5,2016,5,1035,83,77,74,69,9,4,0.0,Sunny,0
2016-05-22,5,2016,6,637,87,80,75,72,14,5,0.005,Sunny,0-0.5
2016-05-23,5,2016,0,464,85,78,75,72,14,7,0.01,Rain,0-0.5
2016-05-24,5,2016,1,434,87,81,74,72,13,8,0.0,Sunny,0
2016-05-25,5,2016,2,465,86,82,77,75,13,6,0.0,Sunny,0
2016-05-26,5,2016,3,408,90,79,78,73,16,7,0.52,"Rain , Thunderstorm",0.5-2
2016-05-27,5,2016,4,550,77,71,69,66,12,6,0.35,"Rain , Thunderstorm",0-0.5
2016-05-28,5,2016,5,1178,91,78,77,69,13,5,0.02,"Fog , Rain , Thunderstorm",0-0.5
2016-05-29,5,2016,6,1562,88,79,74,71,14,6,0.18,"Rain , Thunderstorm",0-0.5
2016-05-30,5,2016,0,809,89,78,72,67,13,5,0.31,"Rain , Thunderstorm",0-0.5
2016-05-31,5,2016,1,236,82,75,75,71,14,3,1.07,"Rain , Thunderstorm",0.5-2
2016-06-01,6,2016,2,442,87,78,72,69,10,2,0.19,Rain,0-0.5
2016-06-02,6,2016,3,384,84,76,72,69,10,4,0.36,"Rain , Thunderstorm",0-0.5
2016-06-03,6,2016,4,533,85,75,70,66,10,3,1.61,"Rain , Thunderstorm",0.5-2
2016-06-04,6,2016,5,827,86,77,71,68,13,5,0.1,Rain,0-0.5
2016-06-05,6,2016,6,921,88,78,68,62,14,6,0.0,Sunny,0
2016-06-06,6,2016,0,543,90,80,63,59,13,4,0.0,Sunny,0
2016-06-07,6,2016,1,510,92,81,70,65,8,2,0.0,Sunny,0
2016-06-08,6,2016,2,423,92,81,72,70,12,3,0.0,Sunny,0
2016-06-09,6,2016,3,528,92,82,72,70,20,5,0.0,Sunny,0
2016-06-10,6,2016,4,561,91,80,73,71,10,3,0.0,Sunny,0
2016-06-11,6,2016,5,933,93,85,75,74,12,6,0.0,Sunny,0
2016-06-12,6,2016,6,633,94,86,77,76,14,6,0.0,Sunny,0
2016-06-13,6,2016,0,496,94,85,76,75,12,5,0.0,Sunny,0
2016-06-14,6,2016,1,533,94,86,76,74,12,6,0.0,Sunny,0
2016-06-15,6,2016,2,386,96,87,75,73,13,7,0.0,Sunny,0
2016-06-16,6,2016,3,458,96,86,75,73,14,6,0.0,Sunny,0
2016-06-17,6,2016,4,603,97,87,75,73,10,6,0.0,Sunny,0
2016-06-18,6,2016,5,783,96,86,75,73,10,4,0.0,Sunny,0
2016-06-19,6,2016,6,611,94,86,76,73,12,4,0.0,Sunny,0
2016-06-20,6,2016,0,449,95,85,74,71,9,4,0.0,Sunny,0
2016-06-21,6,2016,1,439,96,86,73,71,9,4,0.0,Sunny,0
2016-06-22,6,2016,2,475,96,86,74,72,13,6,0.0,Sunny,0
2016-06-23,6,2016,3,461,95,85,73,72,14,6,0.0,Sunny,0
2016-06-24,6,2016,4,633,93,84,74,73,13,6,0.0,Sunny,0
2016-06-25,6,2016,5,732,88,83,78,75,10,5,0.02,"Rain , Thunderstorm",0-0.5
2016-06-26,6,2016,6,619,95,86,76,73,13,5,0.0,Sunny,0
2016-06-27,6,2016,0,460,96,86,75,71,8,2,0.0,Sunny,0
2016-06-28,6,2016,1,266,101,87,73,71,26,3,0.33,"Rain , Thunderstorm",0-0.5
2016-06-29,6,2016,2,451,96,84,75,70,9,2,0.0,Sunny,0
2016-06-30,6,2016,3,447,94,85,74,71,10,4,0.0,Sunny,0
2016-07-01,7,2016,4,549,96,85,74,71,10,5,0.0,Sunny,0
2016-07-02,7,2016,5,881,98,87,74,73,14,7,0.0,Sunny,0
2016-07-03,7,2016,6,986,98,88,75,74,15,8,0.0,Sunny,0
2016-07-04,7,2016,0,1004,99,90,75,74,14,8,0.0,Sunny,0
2016-07-05,7,2016,1,392,99,89,75,74,16,8,0.0,Sunny,0
2016-07-06,7,2016,2,365,100,90,75,73,16,8,0.0,Sunny,0
2016-07-07,7,2016,3,399,99,89,74,73,16,9,0.0,Sunny,0
2016-07-08,7,2016,4,451,100,90,75,73,14,7,0.0,Sunny,0
2016-07-09,7,2016,5,558,99,89,76,73,13,7,0.0,Sunny,0
2016-07-10,7,2016,6,522,97,87,78,74,14,6,0.04,"Rain , Thunderstorm",0-0.5
2016-07-11,7,2016,0,403,100,90,75,71,17,9,0.0,Sunny,0
2016-07-12,7,2016,1,483,100,89,74,72,17,9,0.0,Sunny,0
2016-07-13,7,2016,2,496,101,91,76,73,15,8,0.0,Sunny,0
2016-07-14,7,2016,3,449,101,89,74,73,17,8,0.0,Sunny,0
2016-07-15,7,2016,4,523,101,90,75,71,13,7,0.0,Sunny,0
2016-07-16,7,2016,5,675,100,88,74,72,12,5,0.0,Sunny,0
2016-07-17,7,2016,6,525,99,88,74,72,12,7,0.0,Sunny,0
2016-07-18,7,2016,0,366,99,89,75,72,14,5,0.0,Sunny,0
2016-07-19,7,2016,1,345,100,89,74,72,15,5,0.0,Sunny,0
2016-07-20,7,2016,2,377,101,89,75,72,13,5,0.0,Sunny,0
2016-07-21,7,2016,3,438,101,89,73,69,12,4,0.0,Sunny,0
2016-07-22,7,2016,4,420,102,89,73,69,12,4,0.0,Sunny,0
2016-07-23,7,2016,5,709,101,90,74,71,13,6,0.0,Sunny,0
2016-07-24,7,2016,6,561,101,90,75,73,13,5,0.0,Sunny,0
2016-07-25,7,2016,0,368,102,89,76,73,21,3,0.76,"Rain , Thunderstorm",0.5-2
2016-07-26,7,2016,1,439,93,84,77,75,9,2,0.08,"Rain , Thunderstorm",0-0.5
2016-07-27,7,2016,2,258,92,83,78,74,16,3,1.06,"Fog , Rain , Thunderstorm",0.5-2
2016-07-28,7,2016,3,417,97,86,76,73,22,3,0.0,Thunderstorm,0
2016-07-29,7,2016,4,555,96,85,75,72,9,4,0.0,Sunny,0
2016-07-30,7,2016,5,750,97,87,76,73,12,5,0.0,Sunny,0
2016-07-31,7,2016,6,591,98,88,75,73,13,6,0.0,Sunny,0
2016-08-01,8,2016,0,405,99,87,74,70,13,6,0.0,Sunny,0
2016-08-02,8,2016,1,419,98,87,74,72,12,5,0.0,Sunny,0
2016-08-03,8,2016,2,507,99,88,74,72,10,4,0.0,Sunny,0
2016-08-04,8,2016,3,538,99,88,75,72,12,5,0.0,Sunny,0
2016-08-05,8,2016,4,452,100,89,76,73,12,5,0.0,Sunny,0
2016-08-06,8,2016,5,750,100,89,75,71,12,4,0.0,Sunny,0
2016-08-07,8,2016,6,605,100,89,75,72,12,6,0.0,Sunny,0
2016-08-08,8,2016,0,377,100,89,75,72,10,5,0.0,Sunny,0
2016-08-09,8,2016,1,339,102,91,76,73,13,6,0.0,Sunny,0
2016-08-10,8,2016,2,351,102,92,77,73,12,5,0.0,Sunny,0
2016-08-11,8,2016,3,357,102,90,76,74,12,5,0.0,Sunny,0
2016-08-12,8,2016,4,444,105,92,76,73,15,5,0.0,Sunny,0
2016-08-13,8,2016,5,450,96,87,76,73,13,3,0.1,"Rain , Thunderstorm",0-0.5
2016-08-14,8,2016,6,247,84,78,76,75,15,3,0.92,"Rain , Thunderstorm",0.5-2
2016-08-15,8,2016,0,117,76,74,73,72,7,2,2.35,Rain,2-10
2016-08-16,8,2016,1,136,83,77,76,73,10,3,1.79,"Fog , Rain , Thunderstorm",0.5-2
2016-08-17,8,2016,2,252,84,80,78,75,12,3,0.3,"Rain , Thunderstorm",0-0.5
2016-08-18,8,2016,3,267,88,81,80,75,12,2,0.17,Rain,0-0.5
2016-08-19,8,2016,4,429,93,84,77,75,10,5,0.06,Rain,0-0.5
2016-08-20,8,2016,5,410,83,78,77,74,10,4,0.74,"Rain , Thunderstorm",0.5-2
2016-08-21,8,2016,6,387,82,78,75,73,8,2,0.11,Rain,0-0.5
2016-08-22,8,2016,0,343,91,83,77,74,13,4,0.04,Rain,0-0.5
2016-08-23,8,2016,1,354,94,86,76,74,13,7,0.0,Sunny,0
2016-08-24,8,2016,2,414,93,85,75,73,13,6,0.0,Sunny,0
2016-08-25,8,2016,3,382,94,84,75,73,13,2,0.04,Sunny,0-0.5
2016-08-26,8,2016,4,481,93,84,75,73,13,3,0.0,Sunny,0
2016-08-27,8,2016,5,783,92,82,73,71,12,3,0.0,Sunny,0
2016-08-28,8,2016,6,487,92,83,75,72,12,3,0.16,Rain,0-0.5
2016-08-29,8,2016,0,238,91,82,75,72,16,5,0.06,Rain,0-0.5
2016-08-30,8,2016,1,366,92,83,73,72,12,4,0.0,Sunny,0
2016-08-31,8,2016,2,298,94,84,74,72,9,2,0.09,Rain,0-0.5
2016-09-01,9,2016,3,365,96,86,74,72,10,4,0.0,Sunny,0
2016-09-02,9,2016,4,583,92,84,75,72,9,3,0.0,Sunny,0
2016-09-03,9,2016,5,894,92,83,74,72,10,3,0.005,Sunny,0-0.5
2016-09-04,9,2016,6,1114,93,84,75,73,13,3,0.01,"Rain , Thunderstorm",0-0.5
2016-09-05,9,2016,0,704,94,84,77,74,14,5,0.005,"Rain , Thunderstorm",0-0.5
2016-09-06,9,2016,1,304,95,86,78,76,17,6,0.01,"Rain , Thunderstorm",0-0.5
2016-09-07,9,2016,2,315,96,87,77,76,13,6,0.0,Sunny,0
2016-09-08,9,2016,3,437,95,86,76,73,12,6,0.0,Sunny,0
2016-09-09,9,2016,4,560,95,86,75,73,13,6,0.0,Sunny,0
2016-09-10,9,2016,5,664,93,82,75,71,18,6,0.05,Rain,0-0.5
2016-09-11,9,2016,6,542,93,81,68,66,7,2,0.0,Sunny,0
2016-09-12,9,2016,0,391,93,82,73,69,10,3,0.0,Sunny,0
2016-09-13,9,2016,1,369,94,84,75,72,9,3,0.005,Rain,0-0.5
2016-09-14,9,2016,2,313,92,84,76,71,14,3,0.005,Rain,0-0.5
2016-09-15,9,2016,3,424,94,83,74,71,12,3,0.0,Sunny,0
2016-09-16,9,2016,4,501,95,85,74,71,9,2,0.0,Sunny,0
2016-09-17,9,2016,5,632,96,85,75,72,7,1,0.0,Sunny,0
2016-09-18,9,2016,6,410,98,87,75,73,8,2,0.0,Sunny,0
2016-09-19,9,2016,0,323,99,88,75,73,10,3,0.0,Sunny,0
2016-09-20,9,2016,1,351,99,87,75,71,10,3,0.0,Sunny,0
2016-09-21,9,2016,2,391,96,86,75,69,10,2,0.0,Sunny,0
2016-09-22,9,2016,3,409,94,82,74,69,14,5,0.0,Sunny,0
2016-09-23,9,2016,4,592,93,85,77,74,14,5,0.03,Rain,0-0.5
2016-09-24,9,2016,5,704,97,87,76,74,15,5,0.01,"Rain , Thunderstorm",0-0.5
2016-09-25,9,2016,6,435,88,79,76,73,13,4,0.76,"Fog , Rain , Thunderstorm",0.5-2
2016-09-26,9,2016,0,239,73,70,72,69,13,6,1.22,Rain,0.5-2
2016-09-27,9,2016,1,394,80,74,64,62,9,3,0.0,Sunny,0
2016-09-28,9,2016,2,487,89,77,65,60,8,1,0.0,Sunny,0
2016-09-29,9,2016,3,779,86,75,62,55,12,5,0.0,Sunny,0
2016-09-30,9,2016,4,1313,83,72,55,52,8,2,0.0,Sunny,0
2016-10-01,10,2016,5,1889,80,70,61,56,7,1,0.005,Sunny,0-0.5
2016-10-02,10,2016,6,1850,85,72,60,58,8,2,0.0,Sunny,0
2016-10-03,10,2016,0,684,87,75,64,61,10,3,0.0,Sunny,0
2016-10-04,10,2016,1,395,91,81,72,69,12,5,0.0,Sunny,0
2016-10-05,10,2016,2,445,92,84,74,72,13,5,0.0,Sunny,0
2016-10-06,10,2016,3,606,92,84,74,72,16,5,0.005,Sunny,0-0.5
2016-10-07,10,2016,4,1389,89,76,73,69,16,5,0.005,Rain,0-0.5
2016-10-08,10,2016,5,2115,86,74,63,60,9,5,0.0,Sunny,0
2016-10-09,10,2016,6,1915,84,71,58,47,8,4,0.0,Sunny,0
2016-10-10,10,2016,0,1003,84,68,52,46,7,1,0.0,Sunny,0
2016-10-11,10,2016,1,686,88,71,59,53,9,1,0.0,Sunny,0
2016-10-12,10,2016,2,482,91,76,72,65,10,3,0.0,Sunny,0
2016-10-13,10,2016,3,428,89,79,73,69,12,2,0.17,Rain,0-0.5
2016-10-14,10,2016,4,679,87,77,71,67,14,3,0.005,"Fog , Rain",0-0.5
2016-10-15,10,2016,5,915,91,81,71,70,12,4,0.0,Sunny,0
2016-10-16,10,2016,6,519,94,85,72,70,14,5,0.0,Sunny,0
2016-10-17,10,2016,0,362,94,84,72,70,12,6,0.0,Sunny,0
2016-10-18,10,2016,1,402,93,84,73,71,13,6,0.0,Sunny,0
2016-10-19,10,2016,2,344,92,84,74,71,12,5,0.0,Sunny,0
2016-10-20,10,2016,3,530,83,74,70,61,17,7,0.0,Sunny,0
2016-10-21,10,2016,4,674,77,65,47,45,9,3,0.0,Sunny,0
2016-10-22,10,2016,5,784,80,64,48,45,9,2,0.0,Sunny,0
2016-10-23,10,2016,6,545,84,70,62,55,13,3,0.005,"Rain , Thunderstorm",0-0.5
2016-10-24,10,2016,0,574,86,77,67,64,10,4,0.005,Sunny,0-0.5
2016-10-25,10,2016,1,377,86,77,66,63,10,3,0.0,Sunny,0
2016-10-26,10,2016,2,468,87,76,66,62,10,2,0.0,Sunny,0
2016-10-27,10,2016,3,488,88,76,67,62,9,3,0.0,Sunny,0
2016-10-28,10,2016,4,660,86,74,64,60,12,2,0.0,Sunny,0
2016-10-29,10,2016,5,823,86,75,65,62,12,2,0.0,Sunny,0
2016-10-30,10,2016,6,701,87,76,67,63,10,2,0.0,Sunny,0
2016-10-31,10,2016,0,534,86,73,69,62,12,3,0.0,Fog,0
2016-11-01,11,2016,1,398,91,81,73,71,15,5,0.33,"Rain , Thunderstorm",0-0.5
2016-11-02,11,2016,2,285,88,81,74,72,12,6,0.01,Rain,0-0.5
2016-11-03,11,2016,3,294,80,74,73,70,16,5,1.07,"Fog , Rain , Thunderstorm",0.5-2
2016-11-04,11,2016,4,630,73,71,67,66,8,4,0.0,Sunny,0
2016-11-05,11,2016,5,659,72,68,68,66,7,2,0.24,Rain,0-0.5
2016-11-06,11,2016,6,456,76,68,67,60,12,2,0.07,Rain,0-0.5
2016-11-07,11,2016,0,352,71,66,69,65,7,2,0.08,Rain,0-0.5
2016-11-08,11,2016,1,320,69,66,66,64,10,4,0.49,"Rain , Thunderstorm",0-0.5
2016-11-09,11,2016,2,325,65,63,62,61,10,6,0.17,Rain,0-0.5
2016-11-10,11,2016,3,737,71,64,58,55,8,3,0.0,Sunny,0
2016-11-11,11,2016,4,1010,74,65,60,57,8,2,0.005,Rain,0-0.5
2016-11-12,11,2016,5,1029,77,67,58,57,9,4,0.0,Sunny,0
2016-11-13,11,2016,6,889,76,65,58,55,7,2,0.0,Sunny,0
2016-11-14,11,2016,0,499,82,69,62,58,9,2,0.0,Fog,0
2016-11-15,11,2016,1,441,86,73,58,55,8,2,0.0,Sunny,0
2016-11-16,11,2016,2,374,86,71,57,52,9,3,0.0,Sunny,0
2016-11-17,11,2016,3,436,82,70,66,61,15,7,0.0,Sunny,0
2016-11-18,11,2016,4,411,79,66,68,55,17,7,0.005,Rain,0-0.5
2016-11-19,11,2016,5,549,63,52,33,30,13,5,0.0,Sunny,0
2016-11-20,11,2016,6,500,67,51,36,32,10,2,0.0,Sunny,0
2016-11-21,11,2016,0,551,77,61,57,48,13,5,0.0,Sunny,0
2016-11-22,11,2016,1,313,76,69,69,64,13,5,0.49,"Rain , Thunderstorm",0-0.5
2016-11-23,11,2016,2,544,73,62,69,54,14,3,0.13,Rain,0-0.5
2016-11-24,11,2016,3,391,76,61,60,52,8,1,0.0,Sunny,0
2016-11-25,11,2016,4,391,66,61,60,57,10,4,0.03,Rain,0-0.5
2016-11-26,11,2016,5,566,70,62,56,51,7,2,0.0,Sunny,0
2016-11-27,11,2016,6,411,76,66,65,59,14,6,0.0,Sunny,0
2016-11-28,11,2016,0,291,79,65,66,49,17,6,0.0,Sunny,0
2016-11-29,11,2016,1,315,79,64,48,42,8,3,0.0,Sunny,0
2016-11-30,11,2016,2,286,67,55,42,33,13,4,0.0,Sunny,0
2017-01-01,1,2017,6,786,73,63,60,52,7,2,0.0,Fog,0
2017-01-02,1,2017,0,570,73,64,62,54,15,5,0.4,"Rain , Thunderstorm",0-0.5
2017-01-03,1,2017,1,359,75,60,44,39,12,4,0.0,Sunny,0
2017-01-04,1,2017,2,208,48,42,31,28,10,6,0.0,Sunny,0
2017-01-05,1,2017,3,246,62,49,47,35,15,4,0.0,Sunny,0
2017-01-06,1,2017,4,107,34,29,18,15,17,10,0.0,Sunny,0
2017-01-07,1,2017,5,81,44,32,13,11,12,4,0.0,Sunny,0
2017-01-08,1,2017,6,219,53,37,32,18,14,4,0.0,Sunny,0
2017-01-09,1,2017,0,308,71,57,55,47,15,5,0.0,Sunny,0
2017-01-10,1,2017,1,326,79,69,58,56,17,7,0.0,Sunny,0
2017-01-11,1,2017,2,290,80,70,63,60,16,8,0.0,Sunny,0
2017-01-12,1,2017,3,293,81,74,65,63,14,8,0.0,Sunny,0
2017-01-13,1,2017,4,411,78,67,69,63,14,7,0.65,"Fog , Rain",0.5-2
2017-01-14,1,2017,5,520,56,52,51,50,8,4,0.07,Rain,0-0.5
2017-01-15,1,2017,6,180,73,62,66,59,17,5,0.61,"Rain , Thunderstorm",0.5-2
2017-01-16,1,2017,0,350,70,64,61,56,9,1,0.3,"Rain , Thunderstorm",0-0.5
2017-01-17,1,2017,1,104,59,54,55,48,14,6,1.57,"Fog , Rain , Thunderstorm",0.5-2
2017-01-18,1,2017,2,137,56,52,52,48,9,4,0.51,"Rain , Thunderstorm",0.5-2
2017-01-19,1,2017,3,329,71,62,55,52,12,3,0.005,Rain,0-0.5
2017-01-20,1,2017,4,455,76,62,55,50,8,1,0.0,Sunny,0
2017-01-21,1,2017,5,856,81,65,58,51,21,6,0.02,Fog,0-0.5
2017-01-22,1,2017,6,345,70,62,42,34,24,11,0.0,Sunny,0
2017-01-23,1,2017,0,323,76,61,39,36,10,4,0.0,Sunny,0
2017-01-24,1,2017,1,255,84,67,64,51,14,7,0.0,Sunny,0
2017-01-25,1,2017,2,291,69,59,63,36,15,7,0.0,Sunny,0
2017-01-26,1,2017,3,268,59,50,30,27,10,3,0.0,Sunny,0
2017-01-27,1,2017,4,356,58,48,30,24,13,5,0.0,Sunny,0
2017-01-28,1,2017,5,424,61,50,37,31,14,6,0.005,Rain,0-0.5
2017-01-29,1,2017,6,465,70,55,34,30,14,6,0.0,Sunny,0
2017-01-30,1,2017,0,268,79,63,35,30,12,5,0.0,Sunny,0
2017-01-31,1,2017,1,330,78,61,50,36,13,4,0.0,Sunny,0
2017-02-01,2,2017,2,308,82,67,59,52,14,4,0.0,Sunny,0
2017-02-02,2,2017,3,226,64,55,39,35,13,7,0.0,Sunny,0
2017-02-03,2,2017,4,243,53,49,37,34,13,6,0.005,Sunny,0-0.5
2017-02-04,2,2017,5,132,51,49,52,46,9,1,0.02,Rain,0-0.5
2017-02-05,2,2017,6,316,72,62,64,59,12,3,0.005,Fog,0-0.5
2017-02-06,2,2017,0,329,78,73,67,65,12,5,0.005,Rain,0-0.5
2017-02-07,2,2017,1,358,86,71,66,54,13,2,0.0,Sunny,0
2017-02-08,2,2017,2,350,87,69,46,41,18,5,0.0,Sunny,0
2017-02-09,2,2017,3,351,68,56,37,31,10,5,0.0,Sunny,0
2017-02-10,2,2017,4,485,79,65,63,51,7,3,0.0,Sunny,0
2017-02-11,2,2017,5,872,86,76,67,64,12,6,0.0,Sunny,0
2017-02-12,2,2017,6,577,79,73,66,61,14,5,0.0,Sunny,0
2017-02-13,2,2017,0,333,78,71,64,55,18,9,0.005,Sunny,0-0.5
2017-02-14,2,2017,1,187,67,57,62,47,20,9,0.86,"Rain , Thunderstorm",0.5-2
2017-02-15,2,2017,2,280,65,54,38,33,16,7,0.0,Sunny,0
2017-02-16,2,2017,3,365,70,55,39,36,12,3,0.0,Sunny,0
2017-02-17,2,2017,4,687,77,64,60,50,13,6,0.0,Sunny,0
2017-02-18,2,2017,5,1437,86,74,64,56,12,6,0.0,Sunny,0
2017-02-19,2,2017,6,925,81,71,68,66,20,8,0.09,"Rain , Thunderstorm",0-0.5
2017-02-20,2,2017,0,532,70,64,59,57,21,4,1.12,"Rain , Thunderstorm",0.5-2
2017-02-21,2,2017,1,416,82,67,55,43,15,6,0.0,Sunny,0
2017-02-22,2,2017,2,332,87,69,49,45,10,3,0.0,Sunny,0
2017-02-23,2,2017,3,442,90,73,60,49,15,5,0.0,Sunny,0
2017-02-24,2,2017,4,616,80,67,50,35,17,6,0.0,Sunny,0
2017-02-25,2,2017,5,939,63,54,33,28,13,6,0.0,Sunny,0
2017-02-26,2,2017,6,643,72,57,64,50,12,3,0.005,Sunny,0-0.5
2017-02-27,2,2017,0,493,82,74,66,65,13,6,0.005,Sunny,0-0.5
2017-02-28,2,2017,1,425,80,75,68,67,14,7,0.0,Sunny,0
2017-03-01,3,2017,2,404,73,64,67,45,21,8,0.0,Sunny,0
2017-03-02,3,2017,3,420,66,58,28,22,13,5,0.0,Sunny,0
2017-03-03,3,2017,4,532,71,56,38,29,14,6,0.0,Sunny,0
2017-03-04,3,2017,5,117,59,57,57,52,13,4,0.66,Rain,0.5-2
2017-03-05,3,2017,6,575,75,66,65,60,12,4,0.27,Rain,0-0.5
2017-03-06,3,2017,0,534,84,76,67,66,16,9,0.005,Rain,0-0.5
2017-03-07,3,2017,1,395,77,69,67,51,17,6,0.005,Sunny,0-0.5
2017-03-08,3,2017,2,412,76,68,64,50,12,4,0.005,Sunny,0-0.5
2017-03-09,3,2017,3,523,80,74,66,64,14,5,0.005,"Rain , Thunderstorm",0-0.5
2017-03-10,3,2017,4,1192,83,73,65,62,12,2,0.005,Sunny,0-0.5
2017-03-11,3,2017,5,583,66,64,64,62,9,4,0.73,Rain,0.5-2
2017-03-12,3,2017,6,950,62,55,60,47,18,7,0.01,Rain,0-0.5
2017-03-13,3,2017,0,1411,70,58,52,48,12,3,0.01,Rain,0-0.5
2017-03-14,3,2017,1,1764,73,57,46,43,12,3,0.0,Sunny,0
2017-03-15,3,2017,2,1937,75,62,54,49,14,6,0.0,Sunny,0
2017-03-16,3,2017,3,1947,79,69,63,59,14,6,0.02,Sunny,0-0.5
2017-03-17,3,2017,4,1993,83,74,64,62,15,8,0.0,Sunny,0
2017-03-18,3,2017,5,2210,84,75,66,63,10,4,0.0,Sunny,0
2017-03-19,3,2017,6,1011,85,75,65,62,12,6,0.0,Sunny,0
2017-03-20,3,2017,0,445,85,75,65,60,13,7,0.0,Sunny,0
2017-03-21,3,2017,1,461,85,74,63,61,13,8,0.0,Sunny,0
2017-03-22,3,2017,2,552,83,76,64,62,14,7,0.0,Sunny,0
2017-03-23,3,2017,3,557,85,75,63,59,24,10,0.0,Sunny,0
2017-03-24,3,2017,4,476,83,72,71,63,17,6,0.05,Rain,0-0.5
2017-03-25,3,2017,5,1351,84,69,51,46,12,4,0.0,Sunny,0
2017-03-26,3,2017,6,854,86,75,66,61,18,8,0.0,Sunny,0
2017-03-27,3,2017,0,598,86,78,67,66,13,5,0.0,Sunny,0
2017-03-28,3,2017,1,522,86,78,68,66,22,10,0.0,Sunny,0
2017-03-29,3,2017,2,470,84,72,68,56,15,5,0.73,"Rain , Thunderstorm",0.5-2
2017-03-30,3,2017,3,584,82,68,50,46,15,4,0.0,Sunny,0
2017-03-31,3,2017,4,752,86,71,59,53,18,6,0.0,Sunny,0
2017-04-01,4,2017,5,831,76,71,65,63,16,8,0.0,Sunny,0
2017-04-02,4,2017,6,615,77,67,67,61,16,6,0.71,"Rain , Thunderstorm",0.5-2
2017-04-03,4,2017,0,875,90,70,54,51,10,2,0.0,Sunny,0
2017-04-04,4,2017,1,674,89,75,62,55,14,5,0.0,Sunny,0
2017-04-05,4,2017,2,725,75,64,43,39,21,8,0.0,Sunny,0
2017-04-06,4,2017,3,634,79,64,47,43,9,3,0.0,Sunny,0
2017-04-07,4,2017,4,846,81,67,51,48,12,4,0.0,Sunny,0
2017-04-08,4,2017,5,1068,82,69,62,58,15,7,0.0,Sunny,0
2017-04-09,4,2017,6,939,81,74,66,64,15,8,0.0,Sunny,0
2017-04-10,4,2017,0,441,80,76,73,69,13,7,0.1,Rain,0-0.5
2017-04-11,4,2017,1,274,72,67,70,65,10,4,0.34,"Rain , Thunderstorm",0-0.5
2017-04-12,4,2017,2,543,78,70,65,61,10,4,0.0,Sunny,0
2017-04-13,4,2017,3,668,82,75,66,64,14,6,0.005,Rain,0-0.5
2017-04-14,4,2017,4,1111,84,75,64,62,12,5,0.0,Sunny,0
2017-04-15,4,2017,5,1518,84,76,66,64,14,7,0.0,Sunny,0
2017-04-16,4,2017,6,900,84,77,68,66,14,6,0.0,Sunny,0
2017-04-17,4,2017,0,557,80,72,67,65,16,5,0.005,"Rain , Thunderstorm",0-0.5
2017-04-18,4,2017,1,658,82,72,65,62,10,4,0.0,Sunny,0
2017-04-19,4,2017,2,612,85,77,66,65,14,6,0.005,Rain,0-0.5
2017-04-20,4,2017,3,596,88,79,68,67,12,6,0.0,Sunny,0
2017-04-21,4,2017,4,824,89,80,67,66,14,7,0.0,Sunny,0
2017-04-22,4,2017,5,812,73,65,67,55,14,7,0.01,Rain,0-0.5
2017-04-23,4,2017,6,874,77,64,44,42,14,5,0.0,Sunny,0
2017-04-24,4,2017,0,741,82,65,54,49,14,4,0.0,Sunny,0
2017-04-25,4,2017,1,520,90,76,70,65,16,7,0.0,Sunny,0
2017-04-26,4,2017,2,503,91,77,70,57,18,8,0.0,Sunny,0
2017-04-27,4,2017,3,550,86,70,64,50,15,7,0.0,Sunny,0
2017-04-28,4,2017,4,705,95,83,72,68,17,9,0.0,Sunny,0
2017-04-29,4,2017,5,893,92,79,73,66,18,9,0.01,Thunderstorm,0-0.5
2017-04-30,4,2017,6,897,78,65,54,44,18,6,0.05,"Rain , Thunderstorm",0-0.5
2017-05-01,5,2017,0,507,91,71,56,48,14,6,0.0,Sunny,0
2017-05-02,5,2017,1,480,92,77,63,56,16,7,0.0,Sunny,0
2017-05-03,5,2017,2,413,95,80,72,66,18,8,0.005,Rain,0-0.5
2017-05-04,5,2017,3,479,79,70,47,43,18,8,0.0,Sunny,0
2017-05-05,5,2017,4,733,86,71,48,42,13,4,0.0,Sunny,0
2017-05-06,5,2017,5,916,91,73,53,49,12,4,0.0,Sunny,0
2017-05-07,5,2017,6,892,88,75,59,57,15,6,0.0,Sunny,0
2017-05-08,5,2017,0,524,84,74,63,61,16,8,0.0,Sunny,0
2017-05-09,5,2017,1,275,76,71,72,68,12,6,0.04,"Rain , Thunderstorm",0-0.5
2017-05-10,5,2017,2,390,83,77,70,68,14,7,0.005,Sunny,0-0.5
2017-05-11,5,2017,3,440,88,80,72,70,15,3,0.22,"Rain , Thunderstorm",0-0.5
2017-05-12,5,2017,4,778,88,76,70,57,14,7,0.0,Thunderstorm,0
2017-05-13,5,2017,5,869,89,74,58,54,10,3,0.0,Sunny,0
2017-05-14,5,2017,6,543,93,78,65,61,13,5,0.0,Sunny,0
2017-05-15,5,2017,0,491,92,80,66,64,15,7,0.0,Sunny,0
2017-05-16,5,2017,1,436,86,78,69,67,20,9,0.0,Sunny,0
2017-05-17,5,2017,2,381,90,80,74,69,14,5,0.12,Rain,0-0.5
2017-05-18,5,2017,3,528,94,84,73,71,20,10,0.005,Sunny,0-0.5
2017-05-19,5,2017,4,712,95,85,71,69,18,9,0.0,Sunny,0
2017-05-20,5,2017,5,665,84,75,71,67,15,4,1.22,"Rain , Thunderstorm",0.5-2
2017-05-21,5,2017,6,677,78,70,67,61,14,6,0.67,"Rain , Thunderstorm",0.5-2
2017-05-22,5,2017,0,540,77,69,65,62,9,4,0.02,Rain,0-0.5
2017-05-23,5,2017,1,366,86,72,65,62,21,5,0.07,"Rain , Thunderstorm",0-0.5
2017-05-24,5,2017,2,578,87,72,55,49,12,5,0.0,Sunny,0
2017-05-25,5,2017,3,638,94,78,70,60,17,7,0.0,Sunny,0
2017-05-26,5,2017,4,716,92,84,75,72,13,6,0.0,Sunny,0
2017-05-27,5,2017,5,1226,97,87,76,74,15,7,0.01,Rain,0-0.5
2017-05-28,5,2017,6,1051,94,80,73,71,18,4,0.47,"Rain , Thunderstorm",0-0.5
2017-05-29,5,2017,0,828,88,78,69,67,8,2,0.0,Sunny,0
2017-05-30,5,2017,1,568,88,78,68,66,8,2,0.0,Sunny,0
2017-05-31,5,2017,2,483,85,77,70,68,17,2,0.02,Rain,0-0.5
2017-06-01,6,2017,3,499,89,78,71,68,10,4,0.0,Sunny,0
2017-06-02,6,2017,4,590,92,83,72,71,12,5,0.005,Sunny,0-0.5
2017-06-03,6,2017,5,826,92,82,73,71,12,4,0.24,"Rain , Thunderstorm",0-0.5
2017-06-04,6,2017,6,505,91,80,71,69,12,1,0.17,"Rain , Thunderstorm",0-0.5
2017-06-05,6,2017,0,424,90,78,70,68,25,3,1.39,"Fog , Rain , Thunderstorm",0.5-2
2017-06-06,6,2017,1,524,92,81,70,66,14,5,0.0,Sunny,0
2017-06-07,6,2017,2,521,95,83,68,62,9,3,0.0,Sunny,0
2017-06-08,6,2017,3,548,93,83,68,66,9,4,0.0,Sunny,0
2017-06-09,6,2017,4,619,90,82,71,69,13,6,0.0,Sunny,0
2017-06-10,6,2017,5,953,93,82,69,65,14,6,0.0,Sunny,0
2017-06-11,6,2017,6,661,93,83,70,68,13,7,0.0,Sunny,0
2017-06-12,6,2017,0,526,94,85,72,68,15,7,0.005,Rain,0-0.5
2017-06-13,6,2017,1,423,98,87,73,71,18,7,0.0,Sunny,0
2017-06-14,6,2017,2,534,96,87,74,71,14,8,0.0,Sunny,0
2017-06-15,6,2017,3,436,99,88,74,71,13,7,0.0,Sunny,0
2017-06-16,6,2017,4,575,98,88,73,70,16,7,0.0,Sunny,0
2017-06-17,6,2017,5,693,101,89,75,72,15,8,0.0,Sunny,0
2017-06-18,6,2017,6,460,100,89,74,71,13,7,0.0,Sunny,0
2017-06-19,6,2017,0,424,92,84,74,72,13,4,0.01,"Rain , Thunderstorm",0-0.5
2017-06-20,6,2017,1,405,98,87,72,69,10,5,0.0,Sunny,0
2017-06-21,6,2017,2,336,97,86,72,64,14,6,0.0,Sunny,0
2017-06-22,6,2017,3,431,99,88,72,67,10,5,0.0,Sunny,0
2017-06-23,6,2017,4,522,104,91,75,72,14,7,0.0,Sunny,0
2017-06-24,6,2017,5,868,85,79,76,71,13,5,0.14,Rain,0-0.5
2017-06-25,6,2017,6,641,90,83,74,71,13,5,0.02,Rain,0-0.5
2017-06-26,6,2017,0,428,91,82,74,72,15,2,1.07,"Rain , Thunderstorm",0.5-2
2017-06-27,6,2017,1,448,91,81,74,72,20,3,0.01,Rain,0-0.5
2017-06-28,6,2017,2,455,92,82,72,70,10,4,0.0,Sunny,0
2017-06-29,6,2017,3,377,99,87,75,73,13,6,0.0,Sunny,0
2017-06-30,6,2017,4,456,98,89,75,73,16,8,0.0,Sunny,0
2017-07-01,7,2017,5,697,98,89,76,72,15,7,0.005,Sunny,0-0.5
2017-07-02,7,2017,6,811,100,89,75,72,14,6,0.0,Sunny,0
2017-07-03,7,2017,0,787,99,88,74,71,13,7,0.0,Sunny,0
2017-07-04,7,2017,1,733,101,90,74,72,13,7,0.0,Sunny,0
2017-07-05,7,2017,2,408,99,89,74,70,13,6,0.0,Sunny,0
2017-07-06,7,2017,3,411,100,89,74,71,12,4,0.0,Thunderstorm,0
2017-07-07,7,2017,4,411,99,87,74,71,15,3,0.02,"Rain , Thunderstorm",0-0.5
2017-07-08,7,2017,5,623,100,88,71,67,9,3,0.0,Thunderstorm,0
2017-07-09,7,2017,6,443,101,89,71,67,12,4,0.0,Sunny,0
2017-07-10,7,2017,0,396,100,88,72,65,12,5,0.0,Sunny,0
2017-07-11,7,2017,1,407,101,89,73,69,14,7,0.0,Sunny,0
2017-07-12,7,2017,2,515,101,89,73,70,13,6,0.0,Sunny,0
2017-07-13,7,2017,3,443,102,90,74,70,10,3,0.0,Sunny,0
2017-07-14,7,2017,4,497,101,89,74,69,15,4,0.0,Sunny,0
2017-07-15,7,2017,5,468,103,87,73,70,23,3,0.16,"Rain , Thunderstorm",0-0.5
2017-07-16,7,2017,6,471,99,84,71,69,12,3,0.0,Sunny,0
2017-07-17,7,2017,0,413,98,88,75,71,16,3,0.005,"Rain , Thunderstorm",0-0.5
2017-07-18,7,2017,1,404,100,88,74,70,14,5,0.0,Sunny,0
2017-07-19,7,2017,2,317,101,89,74,70,18,5,0.0,Sunny,0
2017-07-20,7,2017,3,375,103,90,75,69,14,5,0.0,Sunny,0
2017-07-21,7,2017,4,439,104,91,74,68,14,5,0.005,Sunny,0-0.5
2017-07-22,7,2017,5,599,103,90,74,68,13,6,0.0,Sunny,0
2017-07-23,7,2017,6,438,103,90,74,71,13,4,0.04,"Rain , Thunderstorm",0-0.5
2017-07-24,7,2017,0,396,102,89,75,71,13,3,0.01,"Rain , Thunderstorm",0-0.5
2017-07-25,7,2017,1,455,103,91,75,71,15,7,0.0,Sunny,0
2017-07-26,7,2017,2,381,103,91,75,70,15,6,0.005,Sunny,0-0.5
2017-07-27,7,2017,3,370,103,89,71,67,12,5,0.0,Sunny,0
2017-07-28,7,2017,4,402,105,91,71,64,14,5,0.0,Sunny,0
2017-07-29,7,2017,5,425,107,92,72,64,12,4,0.0,Sunny,0
2017-07-30,7,2017,6,365,106,93,70,68,13,4,0.0,Sunny,0
2017-07-31,7,2017,0,344,99,88,66,61,12,4,0.0,Sunny,0
