Date,Month,Year,Weekday,Avg Trip Duration,Avg Mode Trip Duration,Total Rides,TempHighF,TempAvgF,DewPointHighF,DewPointAvgF,WindHighMPH,WindAvgMPH,PrecipitationSumInches,Events,PrecipBins
2013-12-21,12,2013,5,29.136,5.0,103,74,60,67,49,20,4,0.46,"Rain , Thunderstorm",0.1-0.5
2013-12-22,12,2013,6,40.462,4.0,117,56,48,43,36,16,6,0.0,Sunny,0
2013-12-23,12,2013,0,55.604,29.0,96,58,45,31,27,8,3,0.0,Sunny,0
2013-12-24,12,2013,1,31.965,12.0,85,61,46,36,28,12,4,0.0,Sunny,0
2013-12-25,12,2013,2,49.297,16.0,145,58,50,44,40,10,2,0.005,Sunny,0.1-0.5
2013-12-26,12,2013,3,49.27,3.0,100,57,48,39,36,12,3,0.0,Sunny,0
2013-12-27,12,2013,4,37.296,13.0,115,60,53,41,39,7,1,0.005,Sunny,0.1-0.5
2013-12-28,12,2013,5,42.515,15.0,194,62,51,43,39,10,2,0.005,Sunny,0.1-0.5
2013-12-29,12,2013,6,41.133,10.0,255,64,50,49,41,17,5,0.0,Sunny,0
2013-12-30,12,2013,0,17.952,9.0,84,44,40,31,26,13,5,0.0,Sunny,0
2013-12-31,12,2013,1,37.288,14.0,163,55,46,31,28,8,1,0.0,Sunny,0
2014-01-01,1,2014,2,41.584,23.0,267,69,54,51,42,13,4,0.0,Sunny,0
2014-01-02,1,2014,3,20.799,14.0,144,55,44,39,26,21,8,0.0,Sunny,0
2014-01-03,1,2014,4,37.794,9.0,63,58,43,37,22,14,4,0.0,Sunny,0
2014-01-04,1,2014,5,38.439,16.0,173,71,57,55,48,16,7,0.0,Sunny,0
2014-01-05,1,2014,6,19.205,18.5,44,59,47,54,32,21,10,0.0,Sunny,0
2014-01-06,1,2014,0,10.375,6.0,24,36,29,15,8,17,7,0.0,Sunny,0
2014-01-07,1,2014,1,17.375,5.0,48,48,35,29,11,13,5,0.0,Sunny,0
2014-01-08,1,2014,2,30.074,5.0,27,53,47,51,45,12,1,0.16,Rain,0.1-0.5
2014-01-09,1,2014,3,16.474,8.0,76,70,62,60,55,12,3,0.0,Fog,0
2014-01-10,1,2014,4,15.237,6.5,76,72,65,64,61,13,6,0.1,Rain,0.1-0.5
2014-01-11,1,2014,5,34.647,3.0,272,75,62,54,37,12,3,0.0,Sunny,0
2014-01-12,1,2014,6,54.08,13.0,88,67,57,58,47,15,4,0.01,Rain,0.1-0.5
2014-01-13,1,2014,0,20.2,6.0,80,71,57,60,36,17,7,0.0,Sunny,0
2014-01-14,1,2014,1,30.2,5.0,115,76,57,31,25,16,5,0.0,Sunny,0
2014-01-15,1,2014,2,15.827,6.0,81,64,52,29,23,14,4,0.0,Sunny,0
2014-01-16,1,2014,3,18.435,3.3333333333333335,108,72,56,31,27,14,4,0.0,Sunny,0
2014-01-17,1,2014,4,19.127,14.0,110,64,54,31,20,14,5,0.0,Sunny,0
2014-01-18,1,2014,5,41.576,10.0,255,70,54,41,33,12,2,0.0,Sunny,0
2014-01-19,1,2014,6,35.704,22.0,216,72,59,41,30,9,3,0.0,Sunny,0
2014-01-20,1,2014,0,55.025,10.0,159,82,64,51,36,16,5,0.0,Sunny,0
2014-01-21,1,2014,1,15.746,4.0,71,63,51,28,23,15,6,0.0,Sunny,0
2014-01-22,1,2014,2,14.667,6.0,81,70,54,39,27,12,4,0.0,Sunny,0
2014-01-23,1,2014,3,7.5,4.0,26,56,42,42,29,20,9,0.06,"Rain , Snow",0.1-0.5
2014-01-24,1,2014,4,14.194,5.5,31,40,33,22,17,16,5,0.05,Sunny,0.1-0.5
2014-01-25,1,2014,5,31.936,8.0,187,70,48,38,27,8,1,0.0,Sunny,0
2014-01-26,1,2014,6,47.93,9.0,215,76,60,45,39,12,3,0.0,Sunny,0
2014-01-27,1,2014,0,12.364,4.0,66,60,47,43,23,21,9,0.02,Rain,0.1-0.5
2014-01-28,1,2014,1,7.562,5.0,16,39,33,19,14,15,6,0.05,Rain,0.1-0.5
2014-01-29,1,2014,2,32.981,14.0,53,49,38,19,13,15,5,0.0,Sunny,0
2014-01-30,1,2014,3,18.162,6.0,68,65,48,51,36,15,7,0.0,Sunny,0
2014-01-31,1,2014,4,64.296,10.0,135,80,68,59,54,14,9,0.0,Sunny,0
2014-02-01,2,2014,5,38.572,14.0,285,76,66,62,59,14,6,0.005,Rain,0.1-0.5
2014-02-02,2,2014,6,10.632,11.0,19,55,45,40,33,18,11,0.02,Rain,0.1-0.5
2014-02-03,2,2014,0,9.075,5.0,53,46,40,38,33,13,6,0.0,Sunny,0
2014-02-04,2,2014,1,23.848,5.0,92,64,53,45,41,10,2,0.15,Rain,0.1-0.5
2014-02-05,2,2014,2,9.548,3.0,62,48,40,42,26,16,10,0.0,Sunny,0
2014-02-06,2,2014,3,7.171,5.0,41,32,29,17,15,15,8,0.0,Sunny,0
2014-02-07,2,2014,4,16.662,8.0,65,38,34,29,24,8,3,0.0,Sunny,0
2014-02-08,2,2014,5,41.303,11.0,254,65,51,42,36,14,5,0.0,Sunny,0
2014-02-09,2,2014,6,44.823,11.0,231,76,59,53,45,13,4,0.0,Fog,0
2014-02-10,2,2014,0,11.642,5.0,53,60,48,49,36,15,9,0.005,Rain,0.1-0.5
2014-02-11,2,2014,1,7.576,5.0,33,36,35,31,29,15,9,0.1,Rain,0.1-0.5
2014-02-12,2,2014,2,19.659,6.0,129,57,45,34,29,14,5,0.0,Sunny,0
2014-02-13,2,2014,3,18.395,5.0,157,69,51,38,34,10,4,0.0,Sunny,0
2014-02-14,2,2014,4,25.64,8.0,272,86,67,48,37,18,6,0.0,Sunny,0
2014-02-15,2,2014,5,37.407,21.0,656,76,59,52,35,15,5,0.0,Sunny,0
2014-02-16,2,2014,6,51.871,16.0,449,76,68,61,57,13,5,0.0,Fog,0
2014-02-17,2,2014,0,28.0,10.0,370,81,70,62,50,15,5,0.0,Sunny,0
2014-02-18,2,2014,1,25.635,6.5,156,82,69,63,53,13,4,0.0,Sunny,0
2014-02-19,2,2014,2,16.503,9.0,169,82,73,62,60,15,7,0.0,Sunny,0
2014-02-20,2,2014,3,17.211,5.5,161,83,70,64,50,16,8,0.0,Sunny,0
2014-02-21,2,2014,4,27.961,11.0,229,72,57,33,27,14,5,0.0,Sunny,0
2014-02-22,2,2014,5,44.436,18.5,369,77,63,57,46,14,6,0.0,Sunny,0
2014-02-23,2,2014,6,31.95,9.0,416,86,74,61,56,15,4,0.0,Sunny,0
2014-02-24,2,2014,0,16.79,5.0,167,76,66,63,51,12,4,0.0,Sunny,0
2014-02-25,2,2014,1,29.902,5.0,92,71,62,65,60,12,5,0.005,Rain,0.1-0.5
2014-02-26,2,2014,2,9.519,5.0,52,52,44,46,33,20,8,0.11,Rain,0.1-0.5
2014-02-27,2,2014,3,21.567,10.0,157,59,45,32,27,12,3,0.0,Sunny,0
2014-02-28,2,2014,4,29.35,12.0,317,80,62,50,46,13,6,0.0,Sunny,0
2014-03-01,3,2014,5,43.927,14.0,547,82,68,65,57,16,5,0.0,Fog,0
2014-03-02,3,2014,6,17.162,6.0,80,73,51,67,45,20,10,0.08,Rain,0.1-0.5
2014-03-03,3,2014,0,24.236,6.0,110,47,36,27,20,18,10,0.08,"Rain , Thunderstorm",0.1-0.5
2014-03-04,3,2014,1,12.955,3.0,112,50,40,36,31,9,4,0.17,Rain,0.1-0.5
2014-03-05,3,2014,2,19.0,6.0,190,53,46,43,39,13,3,0.0,Sunny,0
2014-03-06,3,2014,3,25.832,9.0,364,65,54,42,38,13,4,0.0,Sunny,0
2014-03-07,3,2014,4,27.507,12.0,1070,67,53,50,42,16,6,0.0,Sunny,0
2014-03-08,3,2014,5,32.32,9.0,537,59,52,57,49,14,4,0.74,"Rain , Thunderstorm",0.5-2
2014-03-09,3,2014,6,26.318,13.0,1341,58,49,45,39,15,5,0.11,Rain,0.1-0.5
2014-03-10,3,2014,0,25.865,8.0,1721,71,61,56,51,12,3,0.01,Rain,0.1-0.5
2014-03-11,3,2014,1,28.3,11.0,2080,83,70,56,54,14,5,0.0,Sunny,0
2014-03-12,3,2014,2,23.931,8.0,1905,70,60,50,28,24,11,0.0,Sunny,0
2014-03-13,3,2014,3,35.25,10.0,2170,68,52,40,26,9,4,0.0,Sunny,0
2014-03-14,3,2014,4,35.678,11.0,2808,75,62,59,51,13,5,0.0,Sunny,0
2014-03-15,3,2014,5,40.732,12.0,2587,74,68,64,62,12,4,0.07,"Fog , Rain",0.1-0.5
2014-03-16,3,2014,6,36.805,14.0,1026,64,56,58,45,24,11,0.0,Sunny,0
2014-03-17,3,2014,0,20.524,6.0,372,68,55,31,26,16,6,0.0,Sunny,0
2014-03-18,3,2014,1,33.567,5.0,351,83,65,56,42,18,8,0.0,Sunny,0
2014-03-19,3,2014,2,23.258,5.0,275,72,62,55,37,15,6,0.0,Sunny,0
2014-03-20,3,2014,3,27.822,8.5,443,76,59,40,36,10,2,0.0,Sunny,0
2014-03-21,3,2014,4,36.716,11.0,656,80,67,60,54,17,7,0.0,Fog,0
2014-03-22,3,2014,5,32.054,12.0,868,77,69,65,62,12,4,0.0,Sunny,0
2014-03-23,3,2014,6,33.016,12.0,380,61,54,51,43,17,9,0.0,Sunny,0
2014-03-24,3,2014,0,35.041,7.0,338,66,58,47,42,10,3,0.0,Sunny,0
2014-03-25,3,2014,1,25.742,7.5,341,69,57,46,38,15,5,0.0,Sunny,0
2014-03-26,3,2014,2,16.147,6.0,211,66,60,55,47,22,10,0.005,Rain,0.1-0.5
2014-03-27,3,2014,3,19.791,5.0,268,82,72,68,63,16,8,0.01,Rain,0.1-0.5
2014-03-28,3,2014,4,34.343,10.0,531,89,76,67,61,18,5,0.0,Thunderstorm,0
2014-03-29,3,2014,5,40.569,10.0,995,77,64,48,40,13,5,0.0,Sunny,0
2014-03-30,3,2014,6,34.337,8.0,778,79,62,51,43,20,8,0.0,Sunny,0
2014-03-31,3,2014,0,27.356,4.0,337,85,73,62,57,16,9,0.0,Sunny,0
2014-04-01,4,2014,1,52.004,6.0,261,86,76,67,64,17,8,0.0,Sunny,0
2014-04-02,4,2014,2,26.433,6.0,312,82,76,69,67,16,9,0.005,Rain,0.1-0.5
2014-04-03,4,2014,3,28.458,5.0,286,82,77,69,67,14,7,0.005,Sunny,0.1-0.5
2014-04-04,4,2014,4,46.326,12.0,528,74,64,69,35,17,8,0.005,Rain,0.1-0.5
2014-04-05,4,2014,5,31.823,8.5,587,65,60,46,38,10,4,0.005,Sunny,0.1-0.5
2014-04-06,4,2014,6,36.678,9.0,242,61,57,51,49,12,5,0.2,"Rain , Thunderstorm",0.1-0.5
2014-04-07,4,2014,0,22.709,5.0,296,72,62,51,49,25,3,0.27,"Rain , Thunderstorm",0.1-0.5
2014-04-08,4,2014,1,24.717,6.0,272,77,64,50,38,22,8,0.0,Sunny,0
2014-04-09,4,2014,2,29.359,6.0,390,84,65,51,42,13,6,0.0,Sunny,0
2014-04-10,4,2014,3,34.041,9.0,314,87,72,59,53,17,10,0.0,Sunny,0
2014-04-11,4,2014,4,32.228,9.0,615,85,73,61,59,16,8,0.0,Sunny,0
2014-04-12,4,2014,5,43.054,12.0,953,85,75,63,62,20,10,0.0,Sunny,0
2014-04-13,4,2014,6,32.764,13.0,543,78,73,68,66,18,7,0.005,Sunny,0.1-0.5
2014-04-14,4,2014,0,19.764,8.0,174,73,58,69,46,22,10,1.34,"Fog , Rain , Thunderstorm",0.5-2
2014-04-15,4,2014,1,31.276,6.0,391,65,52,32,25,12,4,0.0,Sunny,0
2014-04-16,4,2014,2,28.916,6.0,358,73,57,48,40,16,7,0.0,Sunny,0
2014-04-17,4,2014,3,26.444,7.0,277,67,62,61,57,10,4,0.06,Rain,0.1-0.5
2014-04-18,4,2014,4,47.598,9.333333333333334,706,78,69,61,57,9,2,0.01,Rain,0.1-0.5
2014-04-19,4,2014,5,36.812,11.0,1177,78,66,56,54,13,5,0.0,Sunny,0
2014-04-20,4,2014,6,37.037,9.5,805,75,68,63,59,12,6,0.0,Sunny,0
2014-04-21,4,2014,0,34.376,9.0,463,84,74,65,63,14,5,0.01,"Rain , Thunderstorm",0.1-0.5
2014-04-22,4,2014,1,25.868,9.0,439,87,75,63,58,12,3,0.0,Sunny,0
2014-04-23,4,2014,2,23.796,7.0,447,87,73,64,61,17,7,0.0,Sunny,0
2014-04-24,4,2014,3,27.104,4.0,365,88,78,66,62,16,5,0.0,Sunny,0
2014-04-25,4,2014,4,37.538,8.0,658,88,76,64,54,12,6,0.0,Sunny,0
2014-04-26,4,2014,5,42.595,14.0,968,86,77,69,66,16,8,0.005,Rain,0.1-0.5
2014-04-27,4,2014,6,33.453,8.0,601,96,85,70,66,14,6,0.0,Sunny,0
2014-04-28,4,2014,0,27.771,7.0,385,93,80,69,39,14,4,0.0,Sunny,0
2014-04-29,4,2014,1,27.081,8.0,308,84,72,46,34,17,7,0.0,Sunny,0
2014-04-30,4,2014,2,26.347,5.0,340,75,66,38,33,16,6,0.0,Sunny,0
2014-05-01,5,2014,3,25.987,9.0,386,77,65,43,33,10,3,0.0,Sunny,0
2014-05-02,5,2014,4,43.301,10.0,695,83,70,40,35,9,3,0.0,Sunny,0
2014-05-03,5,2014,5,33.203,13.0,782,94,76,42,35,13,4,0.0,Sunny,0
2014-05-04,5,2014,6,40.569,13.0,641,91,76,42,37,14,7,0.0,Sunny,0
2014-05-05,5,2014,0,25.988,11.0,420,92,76,59,56,16,8,0.0,Sunny,0
2014-05-06,5,2014,1,28.85,5.0,333,87,76,64,62,17,9,0.0,Sunny,0
2014-05-07,5,2014,2,20.386,5.0,303,88,79,67,64,18,9,0.0,Sunny,0
2014-05-08,5,2014,3,31.856,8.0,243,84,79,73,70,17,8,0.06,Rain,0.1-0.5
2014-05-09,5,2014,4,27.071,6.0,424,86,76,71,68,20,5,0.005,"Rain , Thunderstorm",0.1-0.5
2014-05-10,5,2014,5,40.404,16.0,725,91,76,66,62,16,6,0.0,Sunny,0
2014-05-11,5,2014,6,29.216,11.0,621,93,83,68,67,18,10,0.0,Sunny,0
2014-05-12,5,2014,0,19.336,7.0,211,82,72,76,70,18,7,2.45,"Fog , Rain , Thunderstorm",2-10
2014-05-13,5,2014,1,13.83,4.0,171,67,61,60,54,16,8,0.94,"Rain , Thunderstorm",0.5-2
2014-05-14,5,2014,2,26.005,10.0,422,76,64,51,43,17,7,0.14,Rain,0.1-0.5
2014-05-15,5,2014,3,29.284,7.0,457,84,65,47,41,10,3,0.0,Sunny,0
2014-05-16,5,2014,4,27.442,7.0,477,86,74,48,43,15,7,0.0,Sunny,0
2014-05-17,5,2014,5,37.425,13.0,781,86,73,59,55,17,9,0.0,Sunny,0
2014-05-18,5,2014,6,44.259,10.0,611,85,74,61,59,16,8,0.0,Sunny,0
2014-05-19,5,2014,0,26.341,5.0,361,86,76,64,61,18,10,0.0,Sunny,0
2014-05-20,5,2014,1,24.797,5.0,330,89,78,65,62,14,9,0.0,Sunny,0
2014-05-21,5,2014,2,31.969,11.0,259,89,80,66,64,16,8,0.0,Sunny,0
2014-05-22,5,2014,3,17.522,6.0,370,87,79,68,65,15,7,0.005,Sunny,0.1-0.5
2014-05-23,5,2014,4,29.788,7.0,523,84,78,71,67,14,6,0.19,"Fog , Rain",0.1-0.5
2014-05-24,5,2014,5,34.56,9.5,998,86,78,70,68,15,7,0.005,Sunny,0.1-0.5
2014-05-25,5,2014,6,35.019,11.0,1140,87,80,67,66,15,6,0.005,Thunderstorm,0.1-0.5
2014-05-26,5,2014,0,34.898,7.0,284,75,70,70,65,17,5,1.56,"Rain , Thunderstorm",0.5-2
2014-05-27,5,2014,1,27.0,5.0,203,73,68,67,64,22,3,1.75,"Fog , Rain , Thunderstorm",0.5-2
2014-05-28,5,2014,2,27.474,8.0,291,84,76,68,66,14,4,0.0,Sunny,0
2014-05-29,5,2014,3,25.791,4.5,320,89,78,65,63,9,2,0.0,Sunny,0
2014-05-30,5,2014,4,31.649,8.0,576,94,81,67,65,9,3,0.0,Sunny,0
2014-05-31,5,2014,5,35.538,9.0,689,93,82,69,67,10,3,0.0,Sunny,0
2014-06-01,6,2014,6,29.204,7.0,573,88,80,71,69,14,4,0.0,Sunny,0
2014-06-02,6,2014,0,21.461,6.0,380,91,83,71,69,13,7,0.0,Sunny,0
2014-06-03,6,2014,1,29.824,5.0,426,90,83,72,70,10,6,0.005,Sunny,0.1-0.5
2014-06-04,6,2014,2,28.17,7.5,536,91,83,71,70,12,7,0.0,Sunny,0
2014-06-05,6,2014,3,33.379,8.0,634,91,83,72,70,14,7,0.0,Sunny,0
2014-06-06,6,2014,4,33.286,7.0,588,92,83,71,70,14,7,0.0,Sunny,0
2014-06-07,6,2014,5,38.882,12.0,712,92,83,72,70,14,7,0.0,Sunny,0
2014-06-08,6,2014,6,37.674,9.0,522,90,83,72,70,16,7,0.005,Rain,0.1-0.5
2014-06-09,6,2014,0,25.871,5.0,271,86,77,75,71,14,4,0.55,"Rain , Thunderstorm",0.5-2
2014-06-10,6,2014,1,25.921,5.0,354,92,78,70,61,13,3,0.0,Sunny,0
2014-06-11,6,2014,2,29.192,6.0,369,94,80,73,66,14,5,0.0,Sunny,0
2014-06-12,6,2014,3,29.002,7.0,405,92,80,74,72,24,8,1.49,"Rain , Thunderstorm",0.5-2
2014-06-13,6,2014,4,27.798,8.0,456,89,79,62,57,15,4,0.0,Sunny,0
2014-06-14,6,2014,5,35.591,14.0,696,87,92,62,57,15,6,0.0,Sunny,0
2014-06-15,6,2014,6,45.845,7.0,431,91,83,62,57,14,9,0.0,Sunny,0
2014-06-16,6,2014,0,21.706,5.5,378,92,84,62,57,12,8,0.005,Sunny,0.1-0.5
2014-06-17,6,2014,1,20.957,6.0,277,92,84,72,69,12,9,0.0,Sunny,0
2014-06-18,6,2014,2,22.794,7.0,267,92,85,75,72,16,9,0.02,Rain,0.1-0.5
2014-06-19,6,2014,3,22.426,4.0,345,91,84,74,71,13,6,0.01,Sunny,0.1-0.5
2014-06-20,6,2014,4,32.539,11.0,588,91,83,73,71,13,5,0.0,Sunny,0
2014-06-21,6,2014,5,31.889,11.0,808,92,84,74,72,15,6,0.005,Sunny,0.1-0.5
2014-06-22,6,2014,6,38.3,11.0,513,90,83,74,72,13,8,0.005,Sunny,0.1-0.5
2014-06-23,6,2014,0,22.266,5.0,278,88,78,75,72,16,4,0.27,"Rain , Thunderstorm",0.1-0.5
2014-06-24,6,2014,1,27.315,5.0,336,93,84,74,72,22,4,0.24,"Fog , Rain , Thunderstorm",0.1-0.5
2014-06-25,6,2014,2,17.364,6.0,264,89,80,76,72,16,5,0.49,"Fog , Rain , Thunderstorm",0.1-0.5
2014-06-26,6,2014,3,29.024,6.0,336,88,80,75,71,15,7,0.01,Rain,0.1-0.5
2014-06-27,6,2014,4,30.385,5.0,429,91,83,74,72,17,8,0.005,Sunny,0.1-0.5
2014-06-28,6,2014,5,43.653,11.0,698,93,86,74,73,16,9,0.005,Sunny,0.1-0.5
2014-06-29,6,2014,6,37.228,8.5,403,95,86,74,73,17,9,0.0,Sunny,0
2014-06-30,6,2014,0,25.363,5.5,377,96,87,74,71,17,8,0.0,Sunny,0
2014-07-01,7,2014,1,37.118,5.0,356,96,86,73,70,15,6,0.0,Sunny,0
2014-07-02,7,2014,2,22.297,5.0,310,97,85,73,69,14,4,0.0,Sunny,0
2014-07-03,7,2014,3,27.83,5.0,429,96,84,71,69,20,3,0.07,"Rain , Thunderstorm",0.1-0.5
2014-07-04,7,2014,4,30.975,13.0,955,93,82,70,68,16,4,0.0,Thunderstorm,0
2014-07-05,7,2014,5,32.29,11.0,1200,94,82,71,69,18,4,0.0,Sunny,0
2014-07-06,7,2014,6,34.191,17.0,682,95,84,73,70,13,5,0.0,Sunny,0
2014-07-07,7,2014,0,25.834,9.0,349,96,85,70,67,13,5,0.0,Sunny,0
2014-07-08,7,2014,1,22.288,7.0,330,98,86,73,68,13,7,0.0,Sunny,0
2014-07-09,7,2014,2,23.201,6.666666666666667,374,98,85,72,66,14,6,0.0,Sunny,0
2014-07-10,7,2014,3,20.898,5.0,364,96,84,71,68,14,5,0.0,Sunny,0
2014-07-11,7,2014,4,24.471,5.0,503,95,83,72,67,13,5,0.0,Sunny,0
2014-07-12,7,2014,5,30.46,12.0,709,98,85,71,66,13,4,0.0,Sunny,0
2014-07-13,7,2014,6,26.465,15.0,449,100,87,71,67,13,4,0.0,Sunny,0
2014-07-14,7,2014,0,17.37,7.0,335,101,88,71,67,10,4,0.0,Sunny,0
2014-07-15,7,2014,1,17.581,6.0,265,92,83,73,71,15,3,0.06,"Rain , Thunderstorm",0.1-0.5
2014-07-16,7,2014,2,18.871,5.0,319,95,84,74,71,15,4,0.31,"Rain , Thunderstorm",0.1-0.5
2014-07-17,7,2014,3,21.347,4.0,317,89,82,76,74,13,5,3.53,"Fog , Rain , Thunderstorm",2-10
2014-07-18,7,2014,4,23.919,5.0,406,78,75,74,71,14,3,1.52,"Rain , Thunderstorm",0.5-2
2014-07-19,7,2014,5,30.803,11.0,826,86,78,70,68,8,2,0.0,Sunny,0
2014-07-20,7,2014,6,32.558,24.0,566,94,84,76,72,12,4,0.0,Sunny,0
2014-07-21,7,2014,0,23.555,6.0,384,96,87,76,73,10,6,0.0,Sunny,0
2014-07-22,7,2014,1,26.474,5.0,445,96,86,74,72,8,2,0.0,Sunny,0
2014-07-23,7,2014,2,22.786,6.0,407,97,86,75,71,7,3,0.0,Sunny,0
2014-07-24,7,2014,3,27.118,7.0,306,94,84,77,72,8,3,0.09,Rain,0.1-0.5
2014-07-25,7,2014,4,27.03,7.0,406,96,86,73,70,12,5,0.0,Sunny,0
2014-07-26,7,2014,5,29.742,13.5,605,98,87,74,71,15,6,0.0,Sunny,0
2014-07-27,7,2014,6,33.148,17.0,452,98,87,74,71,13,6,0.0,Sunny,0
2014-07-28,7,2014,0,22.685,7.0,384,99,87,73,69,9,3,0.0,Sunny,0
2014-07-29,7,2014,1,22.259,5.0,255,97,87,72,70,13,4,0.0,Sunny,0
2014-07-30,7,2014,2,18.2,6.0,360,96,86,72,68,14,6,0.0,Sunny,0
2014-07-31,7,2014,3,29.386,5.5,298,97,87,73,71,13,4,0.0,Sunny,0
2014-08-01,8,2014,4,22.787,7.0,498,91,82,67,65,12,5,0.0,Sunny,0
2014-08-02,8,2014,5,43.21,9.0,656,90,79,68,66,10,3,0.0,Sunny,0
2014-08-03,8,2014,6,39.44,20.5,529,94,83,69,66,13,4,0.0,Sunny,0
2014-08-04,8,2014,0,22.608,5.0,316,94,83,72,69,13,3,0.0,Sunny,0
2014-08-05,8,2014,1,24.661,5.0,298,97,85,71,68,13,3,0.0,Sunny,0
2014-08-06,8,2014,2,20.456,5.0,395,99,88,73,68,13,5,0.0,Sunny,0
2014-08-07,8,2014,3,25.845,8.5,304,102,90,74,71,13,6,0.0,Sunny,0
2014-08-08,8,2014,4,23.798,4.0,332,102,89,75,70,13,6,0.0,Sunny,0
2014-08-09,8,2014,5,39.293,10.0,515,100,89,74,68,13,5,0.0,Sunny,0
2014-08-10,8,2014,6,29.796,12.0,357,101,89,74,69,13,4,0.0,Sunny,0
2014-08-11,8,2014,0,24.635,6.0,263,102,89,75,71,13,3,0.05,"Rain , Thunderstorm",0.1-0.5
2014-08-12,8,2014,1,15.046,7.0,281,100,87,73,66,12,4,0.0,Sunny,0
2014-08-13,8,2014,2,27.074,5.0,363,97,83,60,57,12,4,0.0,Sunny,0
2014-08-14,8,2014,3,19.978,4.0,277,98,84,68,61,9,4,0.0,Sunny,0
2014-08-15,8,2014,4,23.78,5.0,391,101,88,74,69,13,5,0.0,Sunny,0
2014-08-16,8,2014,5,34.651,11.5,490,104,91,74,69,14,7,0.0,Sunny,0
2014-08-17,8,2014,6,35.688,11.0,445,101,90,74,71,16,6,0.0,Sunny,0
2014-08-18,8,2014,0,19.745,6.0,278,102,90,75,71,15,7,0.0,Sunny,0
2014-08-19,8,2014,1,18.698,5.0,341,96,87,72,68,16,7,0.0,Thunderstorm,0
2014-08-20,8,2014,2,17.588,5.5,301,102,90,75,71,17,8,0.0,Sunny,0
2014-08-21,8,2014,3,21.909,6.0,253,103,92,75,71,17,9,0.0,Sunny,0
2014-08-22,8,2014,4,27.353,5.0,354,103,91,74,69,15,8,0.0,Sunny,0
2014-08-23,8,2014,5,36.874,8.0,516,101,88,73,69,14,6,0.0,Sunny,0
2014-08-24,8,2014,6,32.087,11.0,404,101,89,74,70,13,5,0.0,Sunny,0
2014-08-25,8,2014,0,17.297,4.5,279,101,89,73,67,10,5,0.0,Sunny,0
2014-08-26,8,2014,1,20.092,5.0,251,101,89,71,68,14,4,0.005,"Rain , Thunderstorm",0.1-0.5
2014-08-27,8,2014,2,17.86,5.0,257,98,87,72,66,10,4,0.0,Sunny,0
2014-08-28,8,2014,3,17.814,8.0,274,99,88,73,71,17,5,0.0,Sunny,0
2014-08-29,8,2014,4,27.902,7.5,305,96,87,75,72,15,5,0.07,"Rain , Thunderstorm",0.1-0.5
2014-08-30,8,2014,5,28.555,7.0,605,95,85,73,72,13,4,0.0,Sunny,0
2014-09-01,9,2014,0,40.388,20.0,466,101,90,75,72,15,8,0.0,Sunny,0
2014-09-02,9,2014,1,18.522,5.0,255,98,88,75,73,17,8,0.01,Sunny,0.1-0.5
2014-09-03,9,2014,2,29.544,6.0,259,100,88,74,70,17,6,0.0,Sunny,0
2014-09-04,9,2014,3,16.147,7.0,266,99,86,77,74,28,5,0.98,"Fog , Rain , Thunderstorm",0.5-2
2014-09-05,9,2014,4,24.043,10.0,391,97,87,75,73,13,4,0.02,Rain,0.1-0.5
2014-09-06,9,2014,5,27.338,13.0,640,97,86,75,71,13,3,0.19,"Rain , Thunderstorm",0.1-0.5
2014-09-07,9,2014,6,34.024,11.0,419,89,82,74,72,8,3,0.22,"Rain , Thunderstorm",0.1-0.5
2014-09-08,9,2014,0,16.947,9.0,301,96,84,71,69,12,3,0.0,Sunny,0
2014-09-09,9,2014,1,17.351,6.0,276,97,86,73,69,13,6,0.0,Sunny,0
2014-09-10,9,2014,2,18.107,6.0,262,99,88,73,71,14,7,0.0,Sunny,0
2014-09-11,9,2014,3,22.444,0.0,360,99,89,75,71,10,5,0.0,Sunny,0
2014-09-12,9,2014,4,26.349,6.0,281,96,81,74,70,15,5,0.51,"Rain , Thunderstorm",0.5-2
2014-09-13,9,2014,5,30.986,9.0,216,66,63,63,60,14,5,0.68,Rain,0.5-2
2014-09-14,9,2014,6,31.578,11.0,604,77,71,67,64,7,2,0.0,Sunny,0
2014-09-15,9,2014,0,29.928,6.0,335,88,79,70,68,8,2,0.0,Sunny,0
2014-09-16,9,2014,1,20.211,5.0,266,94,84,74,72,18,3,0.02,"Rain , Thunderstorm",0.1-0.5
2014-09-17,9,2014,2,18.978,7.0,273,91,83,75,74,14,3,0.35,"Rain , Thunderstorm",0.1-0.5
2014-09-18,9,2014,3,16.162,5.0,216,90,81,75,73,25,2,3.66,"Fog , Rain , Thunderstorm",2-10
2014-09-19,9,2014,4,23.447,6.0,309,86,80,75,74,10,3,0.13,Rain,0.1-0.5
2014-09-20,9,2014,5,29.389,12.0,596,90,82,75,73,9,3,0.21,Rain,0.1-0.5
2014-09-21,9,2014,6,27.045,7.0,551,90,81,73,70,10,3,0.0,Sunny,0
2014-09-22,9,2014,0,23.793,7.0,357,91,81,70,68,9,4,0.0,Sunny,0
2014-09-23,9,2014,1,18.775,6.0,360,85,76,66,58,8,3,0.0,Sunny,0
2014-09-24,9,2014,2,20.841,6.0,346,84,72,60,56,9,2,0.0,Sunny,0
2014-09-25,9,2014,3,18.057,5.0,371,83,73,66,62,13,3,0.005,Sunny,0.1-0.5
2014-09-26,9,2014,4,23.97,8.0,503,85,76,67,64,10,3,0.0,Sunny,0
2014-09-27,9,2014,5,31.523,18.5,792,80,74,69,66,9,2,0.005,Rain,0.1-0.5
2014-09-28,9,2014,6,29.791,11.0,621,88,77,67,65,12,3,0.0,Sunny,0
2014-09-29,9,2014,0,17.909,6.0,342,89,78,68,64,8,2,0.0,Sunny,0
2014-09-30,9,2014,1,19.699,6.0,329,90,78,70,65,9,2,0.0,Sunny,0
2014-10-01,10,2014,2,16.961,5.0,335,92,84,73,70,10,5,0.0,Sunny,0
2014-10-02,10,2014,3,28.19,6.0,420,92,84,75,72,14,7,0.03,"Rain , Thunderstorm",0.1-0.5
2014-10-03,10,2014,4,37.169,20.0,1203,85,75,59,51,14,7,0.0,Thunderstorm,0
2014-10-04,10,2014,5,33.437,18.0,1894,80,70,53,48,9,4,0.0,Sunny,0
2014-10-05,10,2014,6,32.488,14.0,1575,87,75,67,62,14,6,0.0,Sunny,0
2014-10-06,10,2014,0,21.04,8.0,577,89,81,71,69,13,6,0.0,Sunny,0
2014-10-07,10,2014,1,36.441,7.0,397,94,83,73,70,13,5,0.0,Sunny,0
2014-10-08,10,2014,2,19.687,7.0,498,90,82,72,70,15,6,0.0,Sunny,0
2014-10-09,10,2014,3,29.009,7.0,555,92,84,73,71,14,7,0.005,Rain,0.1-0.5
2014-10-10,10,2014,4,25.706,16.0,1304,92,84,73,70,14,7,0.0,Sunny,0
2014-10-11,10,2014,5,31.547,23.0,1522,78,69,72,62,14,5,1.42,"Fog , Rain",0.5-2
2014-10-12,10,2014,6,30.158,11.0,1787,77,69,72,63,13,2,0.01,"Rain , Thunderstorm",0.1-0.5
2014-10-13,10,2014,0,33.641,21.0,750,76,69,72,59,20,10,0.09,"Rain , Thunderstorm",0.1-0.5
2014-10-14,10,2014,1,28.354,5.0,601,80,66,48,43,14,5,0.0,Sunny,0
2014-10-15,10,2014,2,19.818,10.0,516,88,72,51,46,9,2,0.0,Sunny,0
2014-10-16,10,2014,3,24.133,5.0,437,86,72,54,49,13,4,0.0,Sunny,0
2014-10-17,10,2014,4,27.139,7.0,682,87,74,64,60,13,3,0.0,Sunny,0
2014-10-18,10,2014,5,33.187,13.0,1044,86,76,69,64,9,2,0.0,Sunny,0
2014-10-19,10,2014,6,33.2,10.0,649,82,74,66,63,8,2,0.0,Sunny,0
2014-10-20,10,2014,0,23.945,5.0,453,82,73,64,61,8,2,0.0,Sunny,0
2014-10-21,10,2014,1,21.112,5.0,366,83,71,61,55,10,3,0.0,Sunny,0
2014-10-22,10,2014,2,18.824,5.0,318,83,72,62,59,9,2,0.005,Rain,0.1-0.5
2014-10-23,10,2014,3,19.736,6.0,383,83,75,62,59,8,2,0.005,Rain,0.1-0.5
2014-10-24,10,2014,4,26.647,8.0,700,85,73,61,59,7,2,0.0,Sunny,0
2014-10-25,10,2014,5,29.996,11.0,796,88,75,61,59,8,2,0.0,Sunny,0
2014-10-26,10,2014,6,32.787,11.0,698,86,74,61,58,12,4,0.0,Sunny,0
2014-10-27,10,2014,0,17.206,5.0,494,86,74,65,61,14,6,0.0,Sunny,0
2014-10-28,10,2014,1,20.759,8.0,482,84,75,68,65,8,2,0.0,Sunny,0
2014-10-29,10,2014,2,17.985,6.0,409,81,73,63,62,10,3,0.0,Sunny,0
2014-10-30,10,2014,3,22.158,5.0,412,82,73,61,59,8,2,0.005,Rain,0.1-0.5
2014-10-31,10,2014,4,23.682,5.0,538,76,66,61,49,16,7,0.3,Rain,0.1-0.5
2014-11-01,11,2014,5,36.134,10.5,843,68,58,43,39,9,5,0.0,Sunny,0
2014-11-02,11,2014,6,27.768,9.0,482,75,62,52,45,15,6,0.0,Sunny,0
2014-11-03,11,2014,0,24.579,6.0,330,76,68,63,59,14,6,0.005,Sunny,0.1-0.5
2014-11-04,11,2014,1,31.54,5.5,252,75,67,69,63,17,5,0.56,Rain,0.5-2
2014-11-05,11,2014,2,44.478,6.0,46,59,57,58,56,13,6,1.51,Rain,0.5-2
2014-11-06,11,2014,3,21.657,5.0,297,63,59,56,51,10,4,0.04,Rain,0.1-0.5
2014-11-07,11,2014,4,24.288,6.0,681,71,60,49,41,7,2,0.0,Sunny,0
2014-11-08,11,2014,5,27.832,12.0,1003,75,62,52,47,15,4,0.0,Sunny,0
2014-11-09,11,2014,6,27.727,9.0,882,74,61,45,43,8,3,0.0,Sunny,0
2014-11-10,11,2014,0,27.07,6.0,517,76,63,61,53,17,6,0.0,Sunny,0
2014-11-11,11,2014,1,13.043,5.0,231,65,54,62,41,17,7,0.0,Sunny,0
2014-11-12,11,2014,2,13.945,7.0,164,51,44,29,23,16,9,0.0,Sunny,0
2014-11-13,11,2014,3,13.106,6.0,123,41,36,17,13,17,8,0.0,Sunny,0
2014-11-14,11,2014,4,20.09,6.0,188,45,38,23,17,8,3,0.0,Sunny,0
2014-11-15,11,2014,5,21.554,12.0,202,48,44,47,39,10,4,0.02,Rain,0.1-0.5
2014-11-16,11,2014,6,27.667,7.0,156,50,42,49,45,17,6,0.01,"Fog , Rain",0.1-0.5
2014-11-17,11,2014,0,17.783,4.0,198,53,42,27,21,16,6,0.0,Sunny,0
2014-11-18,11,2014,1,17.61,4.0,154,56,43,27,23,10,2,0.0,Sunny,0
2014-11-19,11,2014,2,15.1,7.0,240,69,51,45,38,13,3,0.0,Sunny,0
2014-11-20,11,2014,3,16.699,7.0,279,70,57,63,57,12,3,0.01,"Fog , Rain",0.1-0.5
2014-11-21,11,2014,4,30.041,6.0,221,74,68,69,65,13,5,0.33,"Fog , Rain",0.1-0.5
2014-11-22,11,2014,5,16.696,10.0,46,67,63,64,62,20,7,3.33,"Fog , Rain , Thunderstorm",2-10
2014-11-23,11,2014,6,35.707,12.5,488,81,67,57,48,16,5,0.0,Sunny,0
2014-11-24,11,2014,0,23.825,6.0,291,66,53,39,32,15,5,0.0,Sunny,0
2014-11-25,11,2014,1,31.121,5.0,315,67,53,38,33,9,3,0.0,Sunny,0
2014-11-26,11,2014,2,21.396,6.5,245,77,60,37,33,10,3,0.0,Sunny,0
2014-11-27,11,2014,3,32.69,26.0,255,64,53,37,33,10,4,0.0,Sunny,0
2014-11-28,11,2014,4,35.276,22.0,514,72,57,54,45,14,4,0.0,Sunny,0
2014-11-29,11,2014,5,35.752,15.0,628,73,65,61,57,16,7,0.0,Sunny,0
2014-11-30,11,2014,6,27.73,13.0,496,79,72,63,62,15,7,0.0,Sunny,0
2014-12-01,12,2014,0,19.75,5.0,148,66,54,63,42,17,6,0.0,Sunny,0
2014-12-02,12,2014,1,17.799,6.0,164,50,45,43,32,10,4,0.0,Sunny,0
2014-12-03,12,2014,2,21.396,5.0,212,59,54,55,50,7,1,0.0,Sunny,0
2014-12-04,12,2014,3,18.987,6.0,153,66,62,65,61,12,3,0.06,Rain,0.1-0.5
2014-12-05,12,2014,4,20.137,7.0,344,75,69,66,64,12,5,0.01,Rain,0.1-0.5
2014-12-06,12,2014,5,29.246,11.0,568,69,62,58,51,13,6,0.0,Sunny,0
2014-12-07,12,2014,6,24.873,10.0,355,56,54,50,48,9,4,0.0,Sunny,0
2014-12-08,12,2014,0,20.422,8.0,199,67,58,49,46,9,3,0.0,Sunny,0
2014-12-09,12,2014,1,20.782,6.0,261,69,56,49,45,8,1,0.0,Sunny,0
2014-12-10,12,2014,2,16.651,7.0,152,66,57,57,50,8,1,0.02,Rain,0.1-0.5
2014-12-11,12,2014,3,16.313,7.0,163,67,62,59,57,9,5,0.04,Rain,0.1-0.5
2014-12-12,12,2014,4,21.562,5.0,242,71,65,58,57,12,5,0.005,Rain,0.1-0.5
2014-12-13,12,2014,5,23.337,6.0,430,74,65,59,57,14,5,0.0,Sunny,0
2014-12-14,12,2014,6,56.84,23.0,206,74,68,64,62,14,6,0.07,Rain,0.1-0.5
2014-12-15,12,2014,0,19.34,6.0,288,74,63,64,51,12,5,0.0,Sunny,0
2014-12-16,12,2014,1,18.724,6.0,304,63,55,36,34,14,5,0.0,Sunny,0
2014-12-17,12,2014,2,10.894,6.0,132,53,51,51,44,15,4,0.1,"Rain , Thunderstorm",0.1-0.5
2014-12-18,12,2014,3,16.239,7.5,184,60,55,56,51,12,3,0.005,Sunny,0.1-0.5
2014-12-19,12,2014,4,17.127,5.0,181,57,53,50,48,13,7,0.59,"Rain , Thunderstorm",0.5-2
2014-12-20,12,2014,5,22.541,9.0,222,54,52,47,45,8,3,0.0,Sunny,0
2014-12-21,12,2014,6,25.597,16.0,263,56,53,52,49,10,5,0.0,Sunny,0
2014-12-22,12,2014,0,25.966,6.0,327,77,67,56,52,12,5,0.0,Sunny,0
2014-12-23,12,2014,1,22.2,5.0,105,59,51,44,40,18,8,0.005,Rain,0.1-0.5
2014-12-24,12,2014,2,28.565,11.0,147,57,46,35,32,16,6,0.0,Sunny,0
2014-12-25,12,2014,3,38.82,20.0,266,65,49,47,33,16,6,0.0,Sunny,0
2014-12-26,12,2014,4,35.711,15.0,294,74,64,63,57,12,5,0.01,Rain,0.1-0.5
2014-12-27,12,2014,5,26.2,9.0,100,66,54,63,49,16,8,0.03,Rain,0.1-0.5
2014-12-28,12,2014,6,22.769,13.0,78,47,40,34,30,14,4,0.13,Rain,0.1-0.5
2014-12-29,12,2014,0,27.27,15.0,418,67,49,42,36,10,2,0.0,Sunny,0
2014-12-30,12,2014,1,18.057,16.0,230,46,43,43,40,13,6,0.0,Fog,0
2014-12-31,12,2014,2,19.336,3.0,137,42,39,31,29,14,8,0.005,Sunny,0.1-0.5
2015-01-01,1,2015,3,48.861,10.5,36,40,37,39,35,9,5,0.63,"Rain , Thunderstorm",0.5-2
2015-01-02,1,2015,4,15.766,6.333333333333333,47,43,41,41,39,12,5,0.2,"Rain , Thunderstorm",0.1-0.5
2015-01-03,1,2015,5,37.134,9.0,366,62,51,43,40,14,3,0.76,"Rain , Thunderstorm",0.5-2
2015-01-04,1,2015,6,24.596,8.0,171,51,43,41,30,16,7,0.0,Sunny,0
2015-01-05,1,2015,0,20.201,7.5,179,52,41,28,23,8,4,0.0,Sunny,0
2015-01-06,1,2015,1,19.844,8.0,225,71,54,37,32,9,2,0.0,Sunny,0
2015-01-07,1,2015,2,12.75,6.0,140,51,41,38,27,21,9,0.0,Sunny,0
2015-01-08,1,2015,3,16.133,4.0,83,36,30,23,12,15,5,0.005,Rain,0.1-0.5
2015-01-09,1,2015,4,10.977,6.0,131,38,36,32,26,13,6,0.02,Rain,0.1-0.5
2015-01-10,1,2015,5,19.522,14.0,23,36,34,34,31,8,3,0.3,"Rain , Thunderstorm",0.1-0.5
2015-01-11,1,2015,6,19.614,17.0,189,49,42,45,39,8,3,0.17,Rain,0.1-0.5
2015-01-12,1,2015,0,15.945,7.0,165,46,43,45,41,14,5,0.0,Fog,0
2015-01-13,1,2015,1,10.11,4.0,118,42,39,37,33,12,7,0.0,Sunny,0
2015-01-14,1,2015,2,10.472,6.0,106,40,39,38,36,9,5,0.0,Sunny,0
2015-01-15,1,2015,3,16.106,5.0,207,59,49,38,36,12,4,0.0,Sunny,0
2015-01-16,1,2015,4,24.265,7.0,309,64,51,41,38,8,3,0.0,Sunny,0
2015-01-17,1,2015,5,29.112,17.0,834,69,54,46,40,12,3,0.0,Sunny,0
2015-01-18,1,2015,6,30.315,11.0,788,72,59,34,30,10,3,0.0,Sunny,0
2015-01-19,1,2015,0,27.987,5.0,469,75,56,47,41,10,3,0.0,Sunny,0
2015-01-20,1,2015,1,20.243,8.0,251,80,61,51,44,12,3,0.0,Sunny,0
2015-01-21,1,2015,2,17.294,5.0,102,56,53,53,50,10,6,0.16,Rain,0.1-0.5
2015-01-22,1,2015,3,7.844,6.0,45,52,47,51,46,20,10,2.07,Rain,2-10
2015-01-23,1,2015,4,17.184,10.0,103,51,45,42,38,15,6,0.4,Rain,0.1-0.5
2015-01-24,1,2015,5,35.636,19.0,613,63,50,41,36,13,4,0.0,Sunny,0
2015-01-25,1,2015,6,38.618,14.0,587,73,57,40,34,13,6,0.0,Sunny,0
2015-01-26,1,2015,0,30.968,5.0,253,74,60,43,37,10,5,0.0,Sunny,0
2015-01-27,1,2015,1,19.342,6.0,281,83,67,45,40,14,6,0.0,Sunny,0
2015-01-28,1,2015,2,18.392,6.0,245,81,62,49,42,14,4,0.0,Sunny,0
2015-01-29,1,2015,3,19.128,6.0,304,79,66,55,49,16,4,0.005,Sunny,0.1-0.5
2015-01-30,1,2015,4,19.744,6.0,273,58,53,39,36,14,6,0.005,Rain,0.1-0.5
2015-01-31,1,2015,5,21.754,7.0,122,62,56,61,51,15,4,0.31,Rain,0.1-0.5
2015-02-01,2,2015,6,28.543,11.0,317,73,59,61,54,17,7,0.02,Rain,0.1-0.5
2015-02-02,2,2015,0,12.989,4.0,89,49,41,30,24,15,6,0.0,Sunny,0
2015-02-03,2,2015,1,8.68,7.0,75,43,42,42,37,8,2,0.26,Rain,0.1-0.5
2015-02-04,2,2015,2,18.535,6.0,129,55,49,50,45,8,2,0.06,Rain,0.1-0.5
2015-02-05,2,2015,3,9.718,5.0,124,52,45,48,35,16,7,0.005,Sunny,0.1-0.5
2015-02-06,2,2015,4,42.377,9.5,300,60,49,42,38,10,3,0.0,Sunny,0
2015-02-07,2,2015,5,33.085,11.0,692,69,55,53,46,13,5,0.0,Sunny,0
2015-02-08,2,2015,6,42.964,18.0,696,78,68,57,56,14,6,0.0,Sunny,0
2015-02-09,2,2015,0,20.772,7.0,289,83,68,50,44,9,3,0.0,Sunny,0
2015-02-10,2,2015,1,34.781,5.0,215,81,64,49,44,10,4,0.0,Sunny,0
2015-02-11,2,2015,2,20.518,8.0,245,78,65,53,49,16,5,0.0,Sunny,0
2015-02-12,2,2015,3,16.141,6.0,213,62,53,40,34,16,7,0.0,Sunny,0
2015-02-13,2,2015,4,23.749,8.0,509,70,55,44,38,10,2,0.0,Sunny,0
2015-02-14,2,2015,5,34.674,12.0,1552,78,63,53,47,9,3,0.0,Sunny,0
2015-02-15,2,2015,6,31.675,11.0,993,68,63,62,58,10,5,0.005,Sunny,0.1-0.5
2015-02-16,2,2015,0,13.768,5.0,99,66,51,61,39,17,9,0.01,Rain,0.1-0.5
2015-02-17,2,2015,1,17.111,4.5,153,55,45,33,27,13,7,0.0,Sunny,0
2015-02-18,2,2015,2,23.009,5.0,341,66,49,34,29,13,4,0.0,Sunny,0
2015-02-19,2,2015,3,18.226,6.0,385,70,54,49,40,14,5,0.0,Sunny,0
2015-02-20,2,2015,4,20.902,8.0,366,75,65,60,56,16,9,0.0,Sunny,0
2015-02-21,2,2015,5,42.027,14.0,1024,78,67,61,56,14,6,0.0,Sunny,0
2015-02-22,2,2015,6,19.651,6.0,169,56,47,52,44,20,7,0.02,Rain,0.1-0.5
2015-02-23,2,2015,0,8.857,4.0,49,37,34,32,29,17,9,0.01,Rain,0.1-0.5
2015-02-24,2,2015,1,8.068,4.5,73,37,34,34,29,9,4,0.0,Sunny,0
2015-02-25,2,2015,2,14.619,5.666666666666667,202,63,49,36,34,13,3,0.01,Rain,0.1-0.5
2015-02-26,2,2015,3,22.521,6.0,142,52,43,37,31,15,7,0.0,Sunny,0
2015-02-27,2,2015,4,15.156,6.0,90,36,34,30,25,13,7,0.01,Rain,0.1-0.5
2015-02-28,2,2015,5,18.707,8.0,41,36,34,34,31,10,5,0.1,Rain,0.1-0.5
2015-03-01,3,2015,6,21.056,12.0,108,43,39,41,38,10,6,0.09,Rain,0.1-0.5
2015-03-02,3,2015,0,11.811,4.0,127,45,42,42,40,10,4,0.02,Rain,0.1-0.5
2015-03-03,3,2015,1,14.279,5.0,147,63,52,59,49,8,1,0.01,"Fog , Rain",0.1-0.5
2015-03-04,3,2015,2,12.13,9.0,138,70,52,67,56,21,6,0.15,"Fog , Rain , Thunderstorm",0.1-0.5
2015-03-05,3,2015,3,17.911,5.5,146,47,39,32,25,20,10,0.13,"Rain , Thunderstorm",0.1-0.5
2015-03-06,3,2015,4,27.387,7.0,354,57,42,29,23,8,2,0.0,Sunny,0
2015-03-07,3,2015,5,32.767,14.0,717,60,49,37,30,10,2,0.005,Sunny,0.1-0.5
2015-03-08,3,2015,6,40.441,6.0,93,54,51,51,48,12,3,0.45,Rain,0.1-0.5
2015-03-09,3,2015,0,138.273,5.0,66,55,52,52,49,8,4,2.17,Rain,2-10
2015-03-10,3,2015,1,24.472,7.0,479,63,57,52,50,9,4,0.0,Sunny,0
2015-03-11,3,2015,2,17.997,9.0,356,59,57,51,50,13,6,0.0,Sunny,0
2015-03-12,3,2015,3,28.148,10.333333333333334,729,73,63,55,52,13,5,0.02,Rain,0.1-0.5
2015-03-13,3,2015,4,25.729,7.0,1673,78,66,54,52,12,3,0.0,Sunny,0
2015-03-14,3,2015,5,25.62,12.0,2738,78,66,53,49,15,6,0.0,Sunny,0
2015-03-15,3,2015,6,21.931,8.0,2652,69,60,54,51,12,3,0.0,Sunny,0
2015-03-16,3,2015,0,21.345,8.0,2367,77,65,62,56,10,3,0.0,Sunny,0
2015-03-17,3,2015,1,22.856,9.0,2217,77,70,66,63,9,3,0.01,Rain,0.1-0.5
2015-03-18,3,2015,2,22.16,11.0,2471,81,71,65,61,13,4,0.13,Rain,0.1-0.5
2015-03-19,3,2015,3,20.638,10.0,3031,83,73,66,64,12,5,0.0,Sunny,0
2015-03-20,3,2015,4,18.268,7.0,1598,71,64,67,61,15,4,1.17,"Fog , Rain",0.5-2
2015-03-21,3,2015,5,18.534,9.0,1202,61,58,58,56,10,4,0.43,Rain,0.1-0.5
2015-03-22,3,2015,6,31.404,11.0,1188,78,68,59,57,9,4,0.0,Sunny,0
2015-03-23,3,2015,0,24.463,5.0,417,80,66,59,56,9,3,0.0,Sunny,0
2015-03-24,3,2015,1,24.249,10.0,401,83,71,62,60,14,7,0.0,Sunny,0
2015-03-25,3,2015,2,20.192,5.0,396,84,73,63,61,16,8,0.0,Sunny,0
2015-03-26,3,2015,3,21.939,10.0,394,70,62,65,48,20,10,0.05,Rain,0.1-0.5
2015-03-27,3,2015,4,23.787,11.0,746,82,64,44,36,13,4,0.0,Sunny,0
2015-03-28,3,2015,5,36.43,15.0,1299,84,66,49,44,13,5,0.0,Sunny,0
2015-03-29,3,2015,6,36.678,17.0,802,84,71,60,56,17,8,0.0,Sunny,0
2015-03-30,3,2015,0,24.979,8.0,523,80,72,64,62,12,5,0.0,Sunny,0
2015-03-31,3,2015,1,26.199,6.0,537,82,74,66,62,13,7,0.0,Sunny,0
2015-04-01,4,2015,2,21.448,4.0,413,83,76,67,65,14,7,0.005,Rain,0.1-0.5
2015-04-02,4,2015,3,28.061,8.0,610,84,76,68,66,15,8,0.0,Sunny,0
2015-04-03,4,2015,4,28.164,10.0,683,86,76,68,62,17,7,0.0,Sunny,0
2015-04-04,4,2015,5,40.411,13.5,923,69,63,48,44,17,8,0.0,Sunny,0
2015-04-05,4,2015,6,35.297,8.0,428,69,64,64,59,10,4,0.02,Rain,0.1-0.5
2015-04-06,4,2015,0,28.8,8.0,619,85,75,67,65,14,7,0.0,Sunny,0
2015-04-07,4,2015,1,22.409,6.0,438,87,78,67,65,16,8,0.0,Sunny,0
2015-04-08,4,2015,2,18.352,7.0,429,79,74,69,67,16,8,0.005,Sunny,0.1-0.5
2015-04-09,4,2015,3,21.117,7.0,503,87,79,71,67,15,7,0.0,Sunny,0
2015-04-10,4,2015,4,31.661,8.0,463,74,65,68,53,14,5,0.09,"Rain , Thunderstorm",0.1-0.5
2015-04-11,4,2015,5,35.807,10.0,591,70,65,66,62,7,3,0.005,Rain,0.1-0.5
2015-04-12,4,2015,6,29.72,12.0,603,82,75,69,67,13,5,0.01,Fog,0.1-0.5
2015-04-13,4,2015,0,23.259,5.0,467,87,76,70,65,13,4,0.09,"Rain , Thunderstorm",0.1-0.5
2015-04-14,4,2015,1,16.86,6.5,429,77,67,61,55,12,6,0.0,Sunny,0
2015-04-15,4,2015,2,18.787,5.0,465,83,69,65,56,14,4,0.0,Sunny,0
2015-04-16,4,2015,3,18.017,6.0,418,81,74,70,66,17,4,0.01,"Rain , Thunderstorm",0.1-0.5
2015-04-17,4,2015,4,21.985,6.0,455,75,71,70,65,12,4,0.41,"Rain , Thunderstorm",0.1-0.5
2015-04-18,4,2015,5,30.481,11.0,958,77,66,66,63,28,4,0.57,"Fog , Rain , Thunderstorm",0.5-2
2015-04-19,4,2015,6,37.152,12.0,847,89,73,69,58,15,6,0.0,"Fog , Thunderstorm",0
2015-04-20,4,2015,0,28.296,6.0,466,73,64,48,43,15,6,0.0,Sunny,0
2015-04-21,4,2015,1,20.668,5.0,374,81,66,63,53,13,5,0.0,Sunny,0
2015-04-22,4,2015,2,16.676,6.0,401,81,74,68,65,16,7,0.005,Sunny,0.1-0.5
2015-04-23,4,2015,3,29.231,7.0,485,85,77,72,69,10,4,0.0,Sunny,0
2015-04-24,4,2015,4,28.779,8.0,621,85,77,74,72,14,5,0.43,"Rain , Thunderstorm",0.1-0.5
2015-04-25,4,2015,5,35.984,16.0,1103,93,82,73,64,12,5,0.04,Thunderstorm,0.1-0.5
2015-04-26,4,2015,6,31.003,9.0,710,86,78,72,69,18,8,0.08,"Rain , Thunderstorm",0.1-0.5
2015-04-27,4,2015,0,24.014,6.0,511,85,74,70,62,17,4,0.56,"Rain , Thunderstorm",0.5-2
2015-04-28,4,2015,1,17.478,6.0,301,65,59,59,52,17,8,0.0,Sunny,0
2015-04-29,4,2015,2,22.732,6.0,366,77,63,48,45,12,5,0.0,Sunny,0
2015-04-30,4,2015,3,25.418,6.0,474,83,67,51,49,10,3,0.0,Sunny,0
2015-05-01,5,2015,4,32.777,10.0,529,84,70,56,52,10,2,0.0,Sunny,0
2015-05-02,5,2015,5,41.11,17.0,1006,83,71,55,53,13,4,0.0,Sunny,0
2015-05-03,5,2015,6,36.328,13.0,819,84,71,62,58,15,6,0.0,Sunny,0
2015-05-04,5,2015,0,28.003,6.0,367,84,75,66,63,16,8,0.0,Sunny,0
2015-05-05,5,2015,1,29.421,9.0,323,83,75,70,67,20,7,3.84,"Fog , Rain , Thunderstorm",2-10
2015-05-06,5,2015,2,21.322,5.5,360,87,79,71,69,14,8,0.01,Rain,0.1-0.5
2015-05-07,5,2015,3,29.68,9.0,388,83,78,73,71,17,9,0.02,Rain,0.1-0.5
2015-05-08,5,2015,4,23.814,11.0,392,79,76,75,73,13,6,0.29,"Rain , Thunderstorm",0.1-0.5
2015-05-09,5,2015,5,32.369,12.0,780,85,79,73,71,17,9,0.02,"Rain , Thunderstorm",0.1-0.5
2015-05-10,5,2015,6,31.572,6.0,633,87,82,72,71,17,10,0.0,Sunny,0
2015-05-11,5,2015,0,28.164,7.5,195,79,74,73,67,12,5,0.4,"Rain , Thunderstorm",0.1-0.5
2015-05-12,5,2015,1,14.438,10.0,137,69,67,67,65,10,5,0.23,Rain,0.1-0.5
2015-05-13,5,2015,2,17.48,6.0,100,70,67,70,66,14,4,1.12,"Fog , Rain , Thunderstorm",0.5-2
2015-05-14,5,2015,3,22.648,7.0,318,87,78,74,71,15,5,0.08,Rain,0.1-0.5
2015-05-15,5,2015,4,29.034,7.0,357,77,72,71,68,13,4,0.36,"Rain , Thunderstorm",0.1-0.5
2015-05-16,5,2015,5,33.416,13.0,940,87,77,73,70,18,9,0.0,Sunny,0
2015-05-17,5,2015,6,42.368,9.0,593,84,75,72,68,22,5,2.6,"Rain , Thunderstorm",2-10
2015-05-18,5,2015,0,25.291,8.0,447,88,81,75,72,12,5,0.0,Rain,0
2015-05-19,5,2015,1,20.847,5.0,438,89,82,75,72,17,8,0.005,Rain,0.1-0.5
2015-05-20,5,2015,2,22.781,5.0,393,89,81,76,72,13,5,0.33,"Rain , Thunderstorm",0.1-0.5
2015-05-21,5,2015,3,22.413,6.5,378,76,69,74,63,15,6,0.02,"Rain , Thunderstorm",0.1-0.5
2015-05-22,5,2015,4,43.912,13.0,396,77,70,71,67,10,4,0.03,Rain,0.1-0.5
2015-05-23,5,2015,5,34.54,12.0,433,87,77,74,71,18,7,1.41,"Fog , Rain , Thunderstorm",0.5-2
2015-05-24,5,2015,6,36.303,13.0,1511,82,73,70,68,8,6,0.76,Rain,0.5-2
2015-05-25,5,2015,0,30.361,11.0,402,82,74,74,69,16,5,5.2,"Fog , Rain , Thunderstorm",2-10
2015-05-26,5,2015,1,26.95,8.0,461,89,78,75,69,13,6,0.0,Thunderstorm,0
2015-05-27,5,2015,2,30.478,17.0,322,85,76,75,70,12,5,0.005,"Rain , Thunderstorm",0.1-0.5
2015-05-28,5,2015,3,35.863,6.0,306,87,78,79,73,15,6,0.2,"Rain , Thunderstorm",0.1-0.5
2015-05-29,5,2015,4,27.635,9.0,627,89,77,73,66,21,5,0.67,"Rain , Thunderstorm",0.5-2
2015-05-30,5,2015,5,28.88,13.0,726,88,79,70,68,12,2,0.005,"Rain , Thunderstorm",0.1-0.5
2015-05-31,5,2015,6,31.557,12.0,765,86,77,67,64,9,2,0.0,Sunny,0
2015-06-01,6,2015,0,24.597,5.0,454,88,76,66,65,8,2,0.0,Sunny,0
2015-06-02,6,2015,1,28.364,8.0,363,90,79,70,66,9,2,0.0,Sunny,0
2015-06-03,6,2015,2,24.403,5.0,491,89,78,70,66,13,5,0.0,Sunny,0
2015-06-04,6,2015,3,22.079,7.0,458,88,78,70,66,12,4,0.0,Sunny,0
2015-06-05,6,2015,4,22.117,7.5,528,90,80,72,68,12,4,0.005,Sunny,0.1-0.5
2015-06-06,6,2015,5,30.09,14.0,730,90,80,70,67,9,3,0.0,Sunny,0
2015-06-07,6,2015,6,26.613,8.0,698,91,81,70,67,12,4,0.0,Sunny,0
2015-06-08,6,2015,0,25.196,6.0,423,93,82,71,68,9,3,0.0,Sunny,0
2015-06-09,6,2015,1,22.144,5.5,360,95,84,70,67,8,3,0.0,Sunny,0
2015-06-10,6,2015,2,21.912,5.0,430,93,83,70,68,10,4,0.0,Sunny,0
2015-06-11,6,2015,3,18.799,6.5,388,94,84,72,70,15,7,0.0,Sunny,0
2015-06-12,6,2015,4,24.652,6.0,569,93,84,75,73,13,6,0.01,Sunny,0.1-0.5
2015-06-13,6,2015,5,31.188,19.0,937,95,85,74,72,18,7,0.005,Sunny,0.1-0.5
2015-06-14,6,2015,6,23.288,9.0,469,86,79,76,73,13,6,1.34,"Fog , Rain , Thunderstorm",0.5-2
2015-06-15,6,2015,0,25.837,6.0,350,89,82,76,73,16,4,0.19,"Rain , Thunderstorm",0.1-0.5
2015-06-16,6,2015,1,30.4,8.0,150,83,78,75,73,15,7,1.34,"Fog , Rain , Thunderstorm",0.5-2
2015-06-17,6,2015,2,14.469,8.0,209,89,81,77,74,23,5,2.66,"Fog , Rain , Thunderstorm",2-10
2015-06-18,6,2015,3,17.856,7.0,376,90,82,75,73,12,4,0.0,Thunderstorm,0
2015-06-19,6,2015,4,27.118,15.0,434,84,78,76,73,13,1,1.09,"Fog , Rain , Thunderstorm",0.5-2
2015-06-20,6,2015,5,33.739,8.0,633,83,78,77,73,17,3,0.49,"Fog , Rain , Thunderstorm",0.1-0.5
2015-06-21,6,2015,6,31.512,17.0,402,86,79,78,75,17,4,0.93,"Fog , Rain , Thunderstorm",0.5-2
2015-06-22,6,2015,0,25.49,7.0,420,89,81,77,74,10,5,0.0,Sunny,0
2015-06-23,6,2015,1,24.103,6.0,331,92,84,76,73,13,5,0.0,Thunderstorm,0
2015-06-24,6,2015,2,22.359,8.0,379,92,83,74,73,12,3,0.0,Sunny,0
2015-06-25,6,2015,3,20.697,9.0,413,93,83,74,72,12,4,0.0,Sunny,0
2015-06-26,6,2015,4,31.797,8.0,498,93,85,74,73,10,6,0.0,Sunny,0
2015-06-27,6,2015,5,30.432,13.0,829,91,83,75,73,14,1,0.01,"Rain , Thunderstorm",0.1-0.5
2015-06-28,6,2015,6,32.197,8.0,517,91,82,75,73,13,2,0.08,"Rain , Thunderstorm",0.1-0.5
2015-06-29,6,2015,0,24.68,6.0,375,93,84,74,72,10,5,0.0,Sunny,0
2015-06-30,6,2015,1,19.954,8.0,280,94,84,76,73,14,4,0.75,"Fog , Rain , Thunderstorm",0.5-2
2015-07-01,7,2015,2,16.641,9.0,396,91,81,75,71,17,4,0.005,Rain,0.1-0.5
2015-07-02,7,2015,3,24.58,8.0,481,91,81,73,71,16,6,0.005,Sunny,0.1-0.5
2015-07-03,7,2015,4,43.641,16.0,940,91,84,74,72,12,6,0.005,Sunny,0.1-0.5
2015-07-04,7,2015,5,39.61,21.0,1337,92,84,74,73,14,7,0.0,Sunny,0
2015-07-05,7,2015,6,29.203,13.0,898,91,84,75,73,14,7,0.0,Sunny,0
2015-07-06,7,2015,0,28.414,5.0,464,91,84,74,72,16,8,0.0,Sunny,0
2015-07-07,7,2015,1,19.251,6.0,399,91,85,75,73,16,8,0.005,Sunny,0.1-0.5
2015-07-08,7,2015,2,28.589,7.0,450,91,85,74,72,18,8,0.0,Sunny,0
2015-07-09,7,2015,3,22.887,8.0,426,93,85,74,71,16,8,0.0,Sunny,0
2015-07-10,7,2015,4,20.535,8.0,493,94,84,74,70,13,6,0.0,Sunny,0
2015-07-11,7,2015,5,27.628,6.0,667,93,83,73,70,14,5,0.0,Sunny,0
2015-07-12,7,2015,6,32.354,10.0,638,94,84,73,71,12,5,0.0,Sunny,0
2015-07-13,7,2015,0,17.997,6.0,329,96,86,73,71,13,5,0.0,Sunny,0
2015-07-14,7,2015,1,20.568,6.0,366,97,86,72,69,10,6,0.0,Sunny,0
2015-07-15,7,2015,2,16.065,7.0,397,95,85,72,70,13,6,0.0,Sunny,0
2015-07-16,7,2015,3,23.365,9.0,523,95,85,72,70,12,6,0.0,Sunny,0
2015-07-17,7,2015,4,36.842,8.0,563,96,86,74,72,13,7,0.0,Sunny,0
2015-07-18,7,2015,5,28.58,12.0,783,98,88,74,72,14,7,0.0,Sunny,0
2015-07-19,7,2015,6,39.077,11.0,517,97,87,74,72,13,6,0.0,Sunny,0
2015-07-20,7,2015,0,19.749,6.0,403,97,86,73,71,12,5,0.0,Sunny,0
2015-07-21,7,2015,1,16.803,6.0,361,97,86,73,71,13,6,0.0,Sunny,0
2015-07-22,7,2015,2,33.198,6.0,469,97,87,74,72,13,7,0.0,Sunny,0
2015-07-23,7,2015,3,21.641,6.0,387,99,88,73,70,14,7,0.0,Sunny,0
2015-07-24,7,2015,4,26.055,8.0,493,99,88,74,71,13,6,0.0,Sunny,0
2015-07-25,7,2015,5,36.774,11.0,744,98,87,73,70,12,5,0.0,Sunny,0
2015-07-26,7,2015,6,28.361,10.0,502,98,87,75,72,12,6,0.0,Sunny,0
2015-07-27,7,2015,0,21.636,7.0,371,100,89,75,72,13,6,0.0,Sunny,0
2015-07-28,7,2015,1,22.385,9.0,455,100,89,75,71,14,8,0.0,Sunny,0
2015-07-29,7,2015,2,23.011,8.0,376,101,89,74,71,12,6,0.0,Sunny,0
2015-07-30,7,2015,3,23.73,7.0,300,101,88,71,66,10,2,0.0,Sunny,0
2015-07-31,7,2015,4,20.844,6.0,404,102,90,70,68,13,4,0.0,Sunny,0
2015-08-01,8,2015,5,31.987,10.0,686,99,86,64,61,10,3,0.0,Sunny,0
2015-08-02,8,2015,6,28.005,9.0,591,100,88,66,61,10,3,0.0,Sunny,0
2015-08-03,8,2015,0,21.768,6.0,444,99,87,69,64,13,4,0.0,Sunny,0
2015-08-04,8,2015,1,20.262,6.0,378,100,89,74,70,12,6,0.0,Sunny,0
2015-08-05,8,2015,2,17.415,8.0,537,101,90,75,71,13,7,0.0,Sunny,0
2015-08-06,8,2015,3,17.431,8.0,466,102,90,73,71,13,7,0.0,Sunny,0
2015-08-07,8,2015,4,21.699,7.0,478,101,89,73,70,13,6,0.0,Sunny,0
2015-08-08,8,2015,5,27.682,9.0,719,103,90,73,73,20,10,0.0,Sunny,0
2015-08-09,8,2015,6,22.911,10.0,531,103,89,62,57,13,5,0.0,Sunny,0
2015-08-10,8,2015,0,18.702,8.0,322,105,90,62,57,14,6,0.0,Sunny,0
2015-08-11,8,2015,1,20.858,6.0,295,105,90,62,57,13,5,0.0,Sunny,0
2015-08-12,8,2015,2,17.74,11.0,470,105,92,69,68,13,3,0.0,Sunny,0
2015-08-13,8,2015,3,16.1,6.0,320,104,91,70,67,10,3,0.0,Sunny,0
2015-08-14,8,2015,4,25.459,15.0,447,101,90,74,69,10,4,0.0,Sunny,0
2015-08-15,8,2015,5,27.695,12.0,696,98,89,73,66,10,3,0.0,Thunderstorm,0
2015-08-16,8,2015,6,26.431,13.0,494,98,87,70,67,13,4,0.0,Sunny,0
2015-08-17,8,2015,0,24.809,7.0,351,98,86,71,68,12,4,0.0,Sunny,0
2015-08-18,8,2015,1,17.866,7.0,426,99,88,73,70,14,7,0.0,Sunny,0
2015-08-19,8,2015,2,19.687,6.0,415,99,89,74,72,13,6,0.0,Sunny,0
2015-08-20,8,2015,3,15.932,7.0,323,84,79,74,71,13,4,0.35,"Rain , Thunderstorm",0.1-0.5
2015-08-21,8,2015,4,27.498,7.0,490,92,82,74,71,14,5,0.005,Rain,0.1-0.5
2015-08-22,8,2015,5,27.89,12.0,728,99,87,75,73,13,6,0.0,Sunny,0
2015-08-23,8,2015,6,22.862,9.0,485,101,89,76,72,12,5,0.0,Sunny,0
2015-08-24,8,2015,0,17.712,6.0,313,101,89,73,68,9,2,0.0,Sunny,0
2015-08-25,8,2015,1,20.481,6.0,308,101,89,71,68,12,3,0.0,Sunny,0
2015-08-26,8,2015,2,15.147,7.0,353,98,86,71,68,8,3,0.0,Sunny,0
2015-08-27,8,2015,3,21.331,7.0,384,98,86,72,64,12,4,0.0,Sunny,0
2015-08-28,8,2015,4,21.124,7.0,356,98,85,65,60,12,4,0.0,Sunny,0
2015-08-29,8,2015,5,27.232,0.0,814,95,83,65,63,9,3,0.0,Sunny,0
2015-08-30,8,2015,6,23.299,12.0,498,96,86,67,65,10,3,0.0,Sunny,0
2015-08-31,8,2015,0,16.299,8.0,405,97,86,72,67,16,5,0.0,Sunny,0
2015-09-01,9,2015,1,14.632,6.0,364,94,84,72,69,14,5,0.0,Sunny,0
2015-09-02,9,2015,2,16.938,6.0,390,95,83,70,67,12,4,0.0,Sunny,0
2015-09-03,9,2015,3,17.234,7.0,406,94,84,71,69,13,3,0.0,Sunny,0
2015-09-04,9,2015,4,23.525,10.0,629,100,88,74,72,14,6,0.0,Sunny,0
2015-09-05,9,2015,5,38.829,14.0,750,101,90,77,73,16,7,0.01,Sunny,0.1-0.5
2015-09-06,9,2015,6,31.982,0.0,954,100,88,75,71,12,6,0.0,Sunny,0
2015-09-07,9,2015,0,30.835,14.0,689,100,88,74,70,13,6,0.0,Sunny,0
2015-09-08,9,2015,1,15.971,7.0,347,99,88,74,71,10,5,0.0,Sunny,0
2015-09-09,9,2015,2,17.339,7.0,363,93,84,75,73,10,3,1.05,"Rain , Thunderstorm",0.5-2
2015-09-10,9,2015,3,17.191,0.0,299,96,84,76,73,16,2,0.79,"Fog , Rain , Thunderstorm",0.5-2
2015-09-11,9,2015,4,23.261,7.0,498,93,84,75,73,12,3,0.005,Sunny,0.1-0.5
2015-09-12,9,2015,5,31.081,16.0,774,91,80,72,57,13,5,0.0,Sunny,0
2015-09-13,9,2015,6,25.032,0.0,658,91,77,58,51,13,4,0.0,Sunny,0
2015-09-14,9,2015,0,16.922,8.0,448,90,77,68,57,12,5,0.0,Sunny,0
2015-09-15,9,2015,1,20.487,6.0,376,95,84,72,70,16,5,0.005,Sunny,0.1-0.5
2015-09-16,9,2015,2,14.819,7.0,304,93,84,74,72,13,6,0.04,Rain,0.1-0.5
2015-09-17,9,2015,3,14.237,8.0,448,96,86,73,71,13,6,0.0,Sunny,0
2015-09-18,9,2015,4,26.984,8.0,555,96,86,73,70,12,6,0.0,Sunny,0
2015-09-19,9,2015,5,25.177,12.0,689,96,85,73,68,9,3,0.0,Sunny,0
2015-09-20,9,2015,6,33.497,10.0,602,95,82,70,63,9,3,0.0,Sunny,0
2015-09-21,9,2015,0,19.624,6.0,423,95,84,71,64,12,4,0.0,Sunny,0
2015-09-22,9,2015,1,16.347,7.0,334,97,84,67,64,10,4,0.0,Sunny,0
2015-09-23,9,2015,2,18.263,6.0,434,94,81,69,62,10,2,0.0,Sunny,0
2015-09-24,9,2015,3,19.789,6.0,408,95,82,64,58,10,2,0.0,Sunny,0
2015-09-25,9,2015,4,25.156,8.0,481,96,84,67,64,12,2,0.005,"Rain , Thunderstorm",0.1-0.5
2015-09-26,9,2015,5,32.572,0.0,855,95,82,65,59,12,3,0.0,Sunny,0
2015-09-27,9,2015,6,29.257,8.0,533,95,81,67,59,13,2,0.0,Sunny,0
2015-09-28,9,2015,0,21.979,7.0,419,89,79,66,63,12,3,0.0,Sunny,0
2015-09-29,9,2015,1,17.134,7.0,404,94,81,66,64,10,2,0.0,Sunny,0
2015-09-30,9,2015,2,19.883,6.0,410,95,83,65,62,10,2,0.0,Sunny,0
2015-10-01,10,2015,3,20.427,6.0,576,94,82,63,60,12,4,0.0,Sunny,0
2015-10-02,10,2015,4,26.839,11.0,1375,89,78,58,50,12,5,0.0,Sunny,0
2015-10-03,10,2015,5,28.62,0.0,1856,87,72,45,43,8,3,0.0,Sunny,0
2015-10-04,10,2015,6,25.516,12.0,1642,87,73,50,47,8,2,0.0,Sunny,0
2015-10-05,10,2015,0,21.502,7.0,643,85,76,56,52,9,2,0.0,Sunny,0
2015-10-06,10,2015,1,14.684,6.5,589,90,77,56,53,8,3,0.0,Sunny,0
2015-10-07,10,2015,2,15.533,6.0,473,91,77,63,58,12,3,0.0,Sunny,0
2015-10-08,10,2015,3,21.897,0.0,650,91,80,69,64,10,3,0.0,Sunny,0
2015-10-09,10,2015,4,26.979,19.0,1368,88,80,66,64,8,2,0.0,Sunny,0
2015-10-10,10,2015,5,29.611,12.0,2098,90,79,62,59,10,3,0.0,Sunny,0
2015-10-11,10,2015,6,25.757,14.0,1787,95,80,64,61,13,4,0.0,Sunny,0
2015-10-12,10,2015,0,26.045,10.0,754,99,86,73,67,13,6,0.0,Sunny,0
2015-10-13,10,2015,1,21.039,7.0,508,94,79,73,45,12,5,0.0,Sunny,0
2015-10-14,10,2015,2,24.096,5.5,437,96,78,49,41,9,3,0.0,Sunny,0
2015-10-15,10,2015,3,21.431,7.0,496,95,79,67,56,12,4,0.0,Sunny,0
2015-10-16,10,2015,4,22.19,6.0,632,90,76,66,56,12,2,0.0,Sunny,0
2015-10-17,10,2015,5,34.397,5.5,936,88,75,54,48,9,4,0.0,Sunny,0
2015-10-18,10,2015,6,34.78,15.0,755,84,71,42,35,9,4,0.0,Sunny,0
2015-10-19,10,2015,0,18.903,7.0,557,86,70,53,45,12,4,0.0,Sunny,0
2015-10-20,10,2015,1,20.69,7.0,448,87,73,68,58,13,4,0.0,Sunny,0
2015-10-21,10,2015,2,17.796,10.0,402,86,79,70,68,16,8,0.005,Rain,0.1-0.5
2015-10-22,10,2015,3,17.657,5.0,347,82,76,74,70,16,7,0.16,Rain,0.1-0.5
2015-10-23,10,2015,4,21.356,5.0,281,80,76,76,73,21,6,0.43,"Rain , Thunderstorm",0.1-0.5
2015-10-24,10,2015,5,95.236,10.0,55,76,68,74,66,17,9,4.79,Rain,2-10
2015-10-25,10,2015,6,85.496,0.0,139,64,61,58,57,17,9,0.65,Rain,0.5-2
2015-10-26,10,2015,0,22.934,8.0,455,79,69,57,54,15,6,0.0,Sunny,0
2015-10-27,10,2015,1,21.253,4.0,423,84,71,56,53,8,3,0.0,Sunny,0
2015-10-28,10,2015,2,17.524,0.0,664,82,70,54,50,18,4,0.0,Sunny,0
2015-10-29,10,2015,3,23.179,0.0,702,81,66,64,54,12,4,0.0,Sunny,0
2015-10-30,10,2015,4,32.206,9.0,160,75,71,73,70,29,8,4.93,"Fog , Rain , Thunderstorm",2-10
2015-10-31,10,2015,5,27.463,0.0,656,77,71,73,65,16,4,0.89,"Rain , Thunderstorm",0.5-2
2015-11-01,11,2015,6,51.712,8.0,730,75,67,59,57,8,3,0.07,Rain,0.1-0.5
2015-11-02,11,2015,0,23.727,5.0,469,79,68,60,58,10,3,0.0,Fog,0
2015-11-03,11,2015,1,19.369,5.0,393,80,69,62,59,10,3,0.0,Fog,0
2015-11-04,11,2015,2,15.369,5.0,390,78,70,68,64,13,5,0.005,Rain,0.1-0.5
2015-11-05,11,2015,3,17.65,6.0,363,85,79,74,72,12,6,0.05,"Rain , Thunderstorm",0.1-0.5
2015-11-06,11,2015,4,25.185,0.0,595,76,68,71,54,14,3,0.02,Rain,0.1-0.5
2015-11-07,11,2015,5,22.543,6.333333333333333,392,63,60,57,54,17,8,0.53,"Fog , Rain",0.5-2
2015-11-08,11,2015,6,27.029,11.0,750,71,62,47,43,13,5,0.0,Sunny,0
2015-11-09,11,2015,0,38.667,6.0,492,73,63,55,50,6,1,0.0,Sunny,0
2015-11-10,11,2015,1,18.044,6.0,363,74,67,67,63,12,4,0.0,Sunny,0
2015-11-11,11,2015,2,19.083,5.0,409,85,77,71,64,13,7,0.0,Sunny,0
2015-11-12,11,2015,3,18.152,7.0,407,71,64,41,36,16,6,0.0,Sunny,0
2015-11-13,11,2015,4,32.432,10.0,511,65,61,43,39,7,4,0.0,Sunny,0
2015-11-14,11,2015,5,43.587,12.0,477,65,60,52,46,8,3,0.01,Rain,0.1-0.5
2015-11-15,11,2015,6,42.739,10.0,506,70,62,62,53,9,4,0.0,Sunny,0
2015-11-16,11,2015,0,37.759,8.0,249,75,70,71,67,16,7,0.01,Rain,0.1-0.5
2015-11-17,11,2015,1,33.535,7.0,260,75,61,70,55,18,4,1.03,Rain,0.5-2
2015-11-18,11,2015,2,15.453,6.0,426,72,58,45,42,9,2,0.0,Sunny,0
2015-11-19,11,2015,3,19.835,6.0,454,79,63,51,46,8,1,0.0,Sunny,0
2015-11-20,11,2015,4,25.185,6.0,659,77,65,61,55,12,4,0.0,Sunny,0
2015-11-21,11,2015,5,50.065,8.0,460,66,54,63,47,22,7,0.005,Sunny,0.1-0.5
2015-11-22,11,2015,6,36.627,8.0,461,59,47,33,29,8,2,0.0,Sunny,0
2015-11-23,11,2015,0,16.96,8.0,275,63,48,41,33,9,2,0.0,Sunny,0
2015-11-24,11,2015,1,17.933,5.0,373,64,56,58,50,9,3,0.0,Sunny,0
2015-11-25,11,2015,2,54.586,11.0,367,74,68,64,61,14,5,0.005,Rain,0.1-0.5
2015-11-26,11,2015,3,39.743,14.0,140,74,71,71,69,14,7,0.26,Rain,0.1-0.5
2015-11-27,11,2015,4,109.118,6.0,110,74,58,71,58,15,7,1.46,"Fog , Rain",0.5-2
2015-11-28,11,2015,5,167.178,2.0,45,44,42,42,39,13,7,0.25,Rain,0.1-0.5
2015-11-29,11,2015,6,106.213,4.0,75,47,45,44,42,9,4,0.04,Rain,0.1-0.5
2015-11-30,11,2015,0,20.081,5.5,161,55,50,48,45,7,2,0.0,Sunny,0
2015-12-01,12,2015,1,14.76,5.0,258,59,53,46,43,7,2,0.0,Sunny,0
2015-12-02,12,2015,2,15.849,7.0,278,68,55,48,40,9,3,0.0,Fog,0
2015-12-03,12,2015,3,14.369,8.0,271,63,52,38,37,8,1,0.0,Sunny,0
2015-12-04,12,2015,4,15.079,4.0,277,63,50,43,38,9,2,0.0,Sunny,0
2015-12-05,12,2015,5,26.843,8.0,534,65,51,43,39,9,2,0.0,Sunny,0
2015-12-06,12,2015,6,34.012,11.0,502,70,57,51,46,10,2,0.0,Sunny,0
2015-12-07,12,2015,0,19.746,7.0,355,69,57,47,43,7,1,0.0,Sunny,0
2015-12-08,12,2015,1,15.182,8.0,357,75,59,54,48,12,3,0.0,Sunny,0
2015-12-09,12,2015,2,26.543,6.0,383,76,62,50,47,8,2,0.0,Sunny,0
2015-12-10,12,2015,3,26.783,8.0,382,78,65,62,58,10,4,0.0,Sunny,0
2015-12-11,12,2015,4,42.123,7.0,424,79,66,65,61,14,6,0.0,Fog,0
2015-12-12,12,2015,5,39.081,4.0,322,75,73,70,67,17,9,0.01,Rain,0.1-0.5
2015-12-13,12,2015,6,30.163,9.5,208,74,60,69,52,23,4,1.54,Rain,0.5-2
2015-12-14,12,2015,0,22.793,7.0,368,75,59,46,41,10,3,0.0,Sunny,0
2015-12-15,12,2015,1,33.831,5.0,319,75,64,65,60,9,4,0.0,Sunny,0
2015-12-16,12,2015,2,14.808,5.0,292,63,55,39,29,15,8,0.0,Sunny,0
2015-12-17,12,2015,3,74.25,5.0,244,68,54,37,31,14,4,0.0,Sunny,0
2015-12-18,12,2015,4,16.41,8.0,244,58,46,35,31,13,3,0.0,Sunny,0
2015-12-19,12,2015,5,33.615,16.0,421,66,51,48,40,13,4,0.0,Sunny,0
2015-12-20,12,2015,6,27.206,12.0,223,67,59,62,56,13,5,0.005,Rain,0.1-0.5
2015-12-21,12,2015,0,38.461,6.5,373,76,65,64,61,8,2,0.0,Sunny,0
2015-12-22,12,2015,1,25.744,8.0,414,79,64,66,57,13,5,0.0,Sunny,0
2015-12-23,12,2015,2,23.108,7.0,325,81,67,66,54,15,3,0.0,Sunny,0
2015-12-24,12,2015,3,52.18,4.0,266,74,63,63,56,10,1,0.0,Sunny,0
2015-12-25,12,2015,4,33.064,13.0,329,70,61,66,53,9,2,0.0,Sunny,0
2015-12-26,12,2015,5,38.937,14.5,303,78,74,70,69,21,10,0.1,Rain,0.1-0.5
2015-12-27,12,2015,6,27.442,11.5,52,73,55,69,47,21,10,1.32,"Rain , Thunderstorm",0.5-2
2015-12-28,12,2015,0,16.439,6.0,148,46,41,34,30,21,8,0.005,Sunny,0.1-0.5
2015-12-29,12,2015,1,20.808,6.5,307,49,43,43,36,8,3,0.03,Rain,0.1-0.5
2015-12-30,12,2015,2,32.069,11.0,463,57,49,44,42,9,4,0.005,Rain,0.1-0.5
2015-12-31,12,2015,3,37.128,7.0,415,53,46,40,39,13,6,0.0,Sunny,0
2016-01-01,1,2016,4,66.228,15.0,640,48,46,36,33,15,8,0.005,Rain,0.1-0.5
2016-01-02,1,2016,5,28.1,8.0,400,47,45,42,34,8,2,0.2,Rain,0.1-0.5
2016-01-03,1,2016,6,30.695,20.0,742,62,52,43,39,9,3,0.005,Rain,0.1-0.5
2016-01-04,1,2016,0,19.062,7.0,642,58,48,33,31,9,4,0.0,Sunny,0
2016-01-05,1,2016,1,16.85,7.0,599,56,46,40,36,9,3,0.005,Rain,0.1-0.5
2016-01-06,1,2016,2,14.523,7.0,302,53,50,52,47,9,3,0.13,"Rain , Thunderstorm",0.1-0.5
2016-01-07,1,2016,3,46.482,11.0,801,73,61,53,50,9,2,0.0,Fog,0
2016-01-08,1,2016,4,23.044,7.0,895,66,55,57,50,13,3,0.0,Thunderstorm,0
2016-01-09,1,2016,5,23.5,9.0,728,58,48,44,34,18,9,0.0,Sunny,0
2016-01-10,1,2016,6,24.951,7.0,452,50,42,28,26,12,4,0.0,Sunny,0
2016-01-11,1,2016,0,16.146,8.0,711,56,45,32,28,7,1,0.0,Sunny,0
2016-01-12,1,2016,1,18.599,7.0,571,66,50,39,34,10,2,0.0,Sunny,0
2016-01-13,1,2016,2,19.619,6.0,730,66,52,42,39,10,2,0.0,Sunny,0
2016-01-14,1,2016,3,20.86,5.0,600,70,59,55,50,12,3,0.0,Sunny,0
2016-01-15,1,2016,4,22.708,7.0,966,70,59,53,39,10,3,0.0,Sunny,0
2016-01-16,1,2016,5,24.674,16.5,828,64,54,43,37,20,5,0.005,Rain,0.1-0.5
2016-01-17,1,2016,6,29.322,7.0,974,57,45,35,32,12,3,0.0,Sunny,0
2016-01-18,1,2016,0,26.363,6.5,722,59,48,38,36,8,2,0.0,Sunny,0
2016-01-19,1,2016,1,23.003,6.0,696,69,56,51,47,14,4,0.0,Sunny,0
2016-01-20,1,2016,2,13.763,5.0,477,57,51,51,39,12,4,0.0,Sunny,0
2016-01-21,1,2016,3,19.43,7.0,446,64,54,56,46,22,7,0.01,Rain,0.1-0.5
2016-01-22,1,2016,4,24.928,10.0,635,54,46,30,29,18,8,0.0,Sunny,0
2016-01-23,1,2016,5,34.725,13.0,1078,57,44,32,30,8,3,0.0,Sunny,0
2016-01-24,1,2016,6,40.907,12.5,712,70,53,52,41,14,5,0.0,Sunny,0
2016-01-25,1,2016,0,27.653,7.0,619,75,66,57,51,10,4,0.0,Sunny,0
2016-01-26,1,2016,1,9.866,8.0,344,58,51,36,32,18,10,0.005,Rain,0.1-0.5
2016-01-27,1,2016,2,20.315,7.0,409,59,48,30,26,14,5,0.0,Sunny,0
2016-01-28,1,2016,3,21.589,7.0,574,71,52,36,32,10,2,0.0,Sunny,0
2016-01-29,1,2016,4,24.892,5.0,980,76,57,39,35,14,4,0.0,Sunny,0
2016-01-30,1,2016,5,39.078,18.0,1428,77,62,56,46,14,6,0.0,Sunny,0
2016-01-31,1,2016,6,28.725,10.5,1460,86,72,58,54,12,5,0.0,Sunny,0
2016-02-01,2,2016,0,16.718,6.5,404,77,66,61,54,18,8,0.0,Fog,0
2016-02-02,2,2016,1,17.378,7.0,347,72,62,36,27,16,6,0.0,Sunny,0
2016-02-03,2,2016,2,18.81,6.0,263,58,49,27,25,15,7,0.0,Sunny,0
2016-02-04,2,2016,3,20.639,5.0,266,59,47,28,23,8,3,0.0,Sunny,0
2016-02-05,2,2016,4,29.519,11.0,324,62,48,39,28,15,4,0.0,Sunny,0
2016-02-06,2,2016,5,40.07,10.0,512,60,51,41,31,15,7,0.0,"Rain , Thunderstorm",0
2016-02-07,2,2016,6,32.269,11.0,417,68,50,37,33,13,3,0.0,Sunny,0
2016-02-08,2,2016,0,18.888,7.0,286,65,56,33,20,17,8,0.0,Sunny,0
2016-02-09,2,2016,1,26.476,7.0,317,74,57,33,27,14,6,0.0,Sunny,0
2016-02-10,2,2016,2,31.114,8.0,325,74,56,36,33,9,3,0.0,Sunny,0
2016-02-11,2,2016,3,23.354,7.0,373,83,68,47,37,13,5,0.0,Sunny,0
2016-02-12,2,2016,4,26.815,5.0,607,79,63,48,43,10,3,0.0,Sunny,0
2016-02-13,2,2016,5,37.897,21.0,1043,75,64,54,47,15,6,0.0,Sunny,0
2016-02-14,2,2016,6,39.238,13.0,901,75,66,57,55,15,6,0.0,Sunny,0
2016-02-15,2,2016,0,34.361,7.0,571,74,62,58,49,16,5,0.0,Sunny,0
2016-02-16,2,2016,1,21.624,9.0,375,82,63,47,40,12,4,0.0,Sunny,0
2016-02-17,2,2016,2,25.796,6.0,368,75,63,42,33,13,6,0.0,Sunny,0
2016-02-18,2,2016,3,22.605,6.0,367,79,67,58,54,16,9,0.0,Sunny,0
2016-02-19,2,2016,4,26.794,8.0,480,81,73,62,58,16,8,0.0,Sunny,0
2016-02-20,2,2016,5,35.12,13.0,841,76,71,64,62,14,6,0.0,Sunny,0
2016-02-21,2,2016,6,34.816,4.0,425,71,68,65,63,9,3,0.01,Rain,0.1-0.5
2016-02-22,2,2016,0,19.063,8.0,379,72,65,59,56,12,4,0.0,Sunny,0
2016-02-23,2,2016,1,14.056,7.0,162,61,54,58,50,23,9,1.33,"Rain , Thunderstorm",0.5-2
2016-02-24,2,2016,2,27.553,6.0,253,65,54,38,30,18,7,0.0,Sunny,0
2016-02-25,2,2016,3,23.475,6.0,343,69,54,34,31,13,5,0.0,Sunny,0
2016-02-26,2,2016,4,21.904,8.0,510,64,53,36,29,10,3,0.0,Sunny,0
2016-02-27,2,2016,5,48.268,15.0,926,73,58,52,45,14,5,0.0,Sunny,0
2016-02-28,2,2016,6,37.447,17.0,597,78,67,59,55,13,7,0.0,Sunny,0
2016-02-29,2,2016,0,21.346,7.0,373,77,70,61,60,13,6,0.0,Sunny,0
2016-03-01,3,2016,1,24.844,7.5,411,81,70,62,55,16,8,0.0,Sunny,0
2016-03-02,3,2016,2,26.431,8.0,362,78,64,62,47,16,6,0.0,Sunny,0
2016-03-03,3,2016,3,23.865,7.0,407,83,73,64,50,17,7,0.0,Sunny,0
2016-03-04,3,2016,4,27.158,9.0,644,76,61,47,37,12,4,0.0,Sunny,0
2016-03-05,3,2016,5,36.219,16.0,1089,79,68,56,54,12,6,0.0,Sunny,0
2016-03-06,3,2016,6,35.616,13.0,1082,77,68,60,57,16,9,0.0,Sunny,0
2016-03-07,3,2016,0,30.674,8.0,405,76,70,65,62,21,11,0.01,Rain,0.1-0.5
2016-03-08,3,2016,1,24.26,7.0,466,83,76,69,66,17,9,0.22,"Rain , Thunderstorm",0.1-0.5
2016-03-09,3,2016,2,31.79,8.0,157,71,65,67,58,15,8,2.18,"Rain , Thunderstorm",2-10
2016-03-10,3,2016,3,23.842,9.0,317,64,61,61,59,16,8,0.4,Rain,0.1-0.5
2016-03-11,3,2016,4,23.044,10.0,804,71,65,63,61,9,3,0.36,"Rain , Thunderstorm",0.1-0.5
2016-03-12,3,2016,5,28.272,10.0,1908,74,66,58,56,9,4,0.005,Rain,0.1-0.5
2016-03-13,3,2016,6,24.799,12.0,1784,85,71,61,51,15,4,0.0,Sunny,0
2016-03-14,3,2016,0,23.257,12.0,1555,92,73,63,50,14,5,0.0,Sunny,0
2016-03-15,3,2016,1,25.882,10.5,1755,92,80,68,58,12,6,0.0,Sunny,0
2016-03-16,3,2016,2,23.691,9.0,2034,81,71,67,57,13,5,0.0,Sunny,0
2016-03-17,3,2016,3,23.873,9.0,2213,79,73,67,66,7,4,0.02,Rain,0.1-0.5
2016-03-18,3,2016,4,21.887,8.0,2047,79,68,69,66,17,5,0.07,"Rain , Thunderstorm",0.1-0.5
2016-03-19,3,2016,5,26.124,8.0,2026,62,55,49,36,18,11,0.0,Sunny,0
2016-03-20,3,2016,6,32.788,0.0,838,64,53,32,28,15,5,0.0,Sunny,0
2016-03-21,3,2016,0,23.235,8.0,541,68,52,39,34,12,4,0.0,Sunny,0
2016-03-22,3,2016,1,23.725,8.0,429,78,62,58,50,17,9,0.0,Sunny,0
2016-03-23,3,2016,2,23.912,7.0,544,82,74,65,62,15,9,0.05,Sunny,0.1-0.5
2016-03-24,3,2016,3,24.853,7.0,600,70,59,67,46,17,8,0.15,"Rain , Thunderstorm",0.1-0.5
2016-03-25,3,2016,4,28.45,0.0,984,73,57,46,41,12,4,0.0,Sunny,0
2016-03-26,3,2016,5,31.269,9.0,1249,74,61,57,53,13,4,0.0,Sunny,0
2016-03-27,3,2016,6,35.86,13.0,885,74,65,63,55,15,5,0.005,Rain,0.1-0.5
2016-03-28,3,2016,0,24.195,7.0,631,75,62,46,42,10,4,0.0,Sunny,0
2016-03-29,3,2016,1,23.738,7.0,424,69,64,68,62,13,6,0.02,Rain,0.1-0.5
2016-03-30,3,2016,2,16.752,7.0,387,77,73,70,69,14,7,0.03,Rain,0.1-0.5
2016-03-31,3,2016,3,21.524,7.0,588,86,76,69,56,12,5,0.0,Sunny,0
2016-05-01,5,2016,6,40.177,15.0,696,78,72,65,60,13,7,0.005,Sunny,0.1-0.5
2016-05-02,5,2016,0,18.066,5.0,410,70,64,54,51,15,7,0.005,"Rain , Thunderstorm",0.1-0.5
2016-05-03,5,2016,1,26.026,6.0,463,78,67,51,48,12,4,0.0,Sunny,0
2016-05-04,5,2016,2,28.933,5.0,419,87,71,55,51,13,5,0.0,Sunny,0
2016-05-05,5,2016,3,23.933,6.0,519,89,74,56,53,8,4,0.0,Sunny,0
2016-05-06,5,2016,4,30.208,8.0,737,86,71,55,53,10,3,0.0,Sunny,0
2016-05-07,5,2016,5,34.435,9.0,934,85,73,62,58,17,6,0.0,Sunny,0
2016-05-08,5,2016,6,42.74,10.0,315,73,70,69,65,17,8,0.11,Rain,0.1-0.5
2016-05-09,5,2016,0,25.149,7.0,477,87,77,70,66,16,7,0.0,Sunny,0
2016-05-10,5,2016,1,28.473,7.0,474,91,79,74,70,17,8,0.27,"Rain , Thunderstorm",0.1-0.5
2016-05-11,5,2016,2,26.725,14.0,596,87,76,73,67,18,6,0.33,"Rain , Thunderstorm",0.1-0.5
2016-05-12,5,2016,3,18.979,6.0,519,84,76,70,68,17,4,0.11,"Rain , Thunderstorm",0.1-0.5
2016-05-13,5,2016,4,38.983,9.0,823,87,79,70,67,8,4,0.005,Sunny,0.1-0.5
2016-05-14,5,2016,5,43.005,9.0,578,81,72,71,68,9,2,0.77,"Rain , Thunderstorm",0.5-2
2016-05-15,5,2016,6,35.698,13.0,873,72,67,67,62,9,4,0.23,Rain,0.1-0.5
2016-05-16,5,2016,0,37.542,8.0,541,80,74,67,66,12,5,0.26,Rain,0.1-0.5
2016-05-17,5,2016,1,21.346,6.0,494,82,74,69,66,20,5,0.2,"Rain , Thunderstorm",0.1-0.5
2016-05-18,5,2016,2,27.075,6.0,612,78,71,63,61,15,7,0.16,"Rain , Thunderstorm",0.1-0.5
2016-05-19,5,2016,3,27.05,7.0,319,76,69,65,61,15,5,2.25,"Rain , Thunderstorm",2-10
2016-05-20,5,2016,4,30.02,9.0,983,83,73,66,62,8,3,0.0,Sunny,0
2016-05-21,5,2016,5,43.817,12.0,1035,83,77,74,69,9,4,0.0,Sunny,0
2016-05-22,5,2016,6,51.907,8.0,637,87,80,75,72,14,5,0.005,Sunny,0.1-0.5
2016-05-23,5,2016,0,27.351,6.0,464,85,78,75,72,14,7,0.01,Rain,0.1-0.5
2016-05-24,5,2016,1,39.461,6.0,434,87,81,74,72,13,8,0.0,Sunny,0
2016-05-25,5,2016,2,22.772,6.0,465,86,82,77,75,13,6,0.0,Sunny,0
2016-05-26,5,2016,3,30.059,8.0,408,90,79,78,73,16,7,0.52,"Rain , Thunderstorm",0.5-2
2016-05-27,5,2016,4,26.482,7.0,550,77,71,69,66,12,6,0.35,"Rain , Thunderstorm",0.1-0.5
2016-05-28,5,2016,5,37.8,11.0,1178,91,78,77,69,13,5,0.02,"Fog , Rain , Thunderstorm",0.1-0.5
2016-05-29,5,2016,6,36.773,11.0,1562,88,79,74,71,14,6,0.18,"Rain , Thunderstorm",0.1-0.5
2016-05-30,5,2016,0,41.732,11.0,809,89,78,72,67,13,5,0.31,"Rain , Thunderstorm",0.1-0.5
2016-05-31,5,2016,1,20.691,6.0,236,82,75,75,71,14,3,1.07,"Rain , Thunderstorm",0.5-2
2016-06-01,6,2016,2,35.256,5.0,442,87,78,72,69,10,2,0.19,Rain,0.1-0.5
2016-06-02,6,2016,3,28.43,6.0,384,84,76,72,69,10,4,0.36,"Rain , Thunderstorm",0.1-0.5
2016-06-03,6,2016,4,27.713,10.0,533,85,75,70,66,10,3,1.61,"Rain , Thunderstorm",0.5-2
2016-06-04,6,2016,5,35.179,8.0,827,86,77,71,68,13,5,0.1,Rain,0.1-0.5
2016-06-05,6,2016,6,35.466,12.0,921,88,78,68,62,14,6,0.0,Sunny,0
2016-06-06,6,2016,0,24.35,6.0,543,90,80,63,59,13,4,0.0,Sunny,0
2016-06-07,6,2016,1,27.596,9.0,510,92,81,70,65,8,2,0.0,Sunny,0
2016-06-08,6,2016,2,22.79,6.0,423,92,81,72,70,12,3,0.0,Sunny,0
2016-06-09,6,2016,3,26.902,6.0,528,92,82,72,70,20,5,0.0,Sunny,0
2016-06-10,6,2016,4,28.012,7.0,561,91,80,73,71,10,3,0.0,Sunny,0
2016-06-11,6,2016,5,37.403,8.0,933,93,85,75,74,12,6,0.0,Sunny,0
2016-06-12,6,2016,6,32.398,8.0,633,94,86,77,76,14,6,0.0,Sunny,0
2016-06-13,6,2016,0,23.901,6.0,496,94,85,76,75,12,5,0.0,Sunny,0
2016-06-14,6,2016,1,23.304,8.0,533,94,86,76,74,12,6,0.0,Sunny,0
2016-06-15,6,2016,2,21.964,8.0,386,96,87,75,73,13,7,0.0,Sunny,0
2016-06-16,6,2016,3,24.415,5.0,458,96,86,75,73,14,6,0.0,Sunny,0
2016-06-17,6,2016,4,27.701,9.0,603,97,87,75,73,10,6,0.0,Sunny,0
2016-06-18,6,2016,5,33.436,10.5,783,96,86,75,73,10,4,0.0,Sunny,0
2016-06-19,6,2016,6,46.525,13.0,611,94,86,76,73,12,4,0.0,Sunny,0
2016-06-20,6,2016,0,20.641,10.0,449,95,85,74,71,9,4,0.0,Sunny,0
2016-06-21,6,2016,1,19.305,8.0,439,96,86,73,71,9,4,0.0,Sunny,0
2016-06-22,6,2016,2,38.006,7.0,475,96,86,74,72,13,6,0.0,Sunny,0
2016-06-23,6,2016,3,25.369,7.0,461,95,85,73,72,14,6,0.0,Sunny,0
2016-06-24,6,2016,4,29.482,7.5,633,93,84,74,73,13,6,0.0,Sunny,0
2016-06-25,6,2016,5,32.234,20.0,732,88,83,78,75,10,5,0.02,"Rain , Thunderstorm",0.1-0.5
2016-06-26,6,2016,6,38.174,10.0,619,95,86,76,73,13,5,0.0,Sunny,0
2016-06-27,6,2016,0,22.607,6.0,460,96,86,75,71,8,2,0.0,Sunny,0
2016-06-28,6,2016,1,25.395,6.0,266,101,87,73,71,26,3,0.33,"Rain , Thunderstorm",0.1-0.5
2016-06-29,6,2016,2,24.823,7.0,451,96,84,75,70,9,2,0.0,Sunny,0
2016-06-30,6,2016,3,21.582,7.0,447,94,85,74,71,10,4,0.0,Sunny,0
2016-07-01,7,2016,4,28.193,6.0,549,96,85,74,71,10,5,0.0,Sunny,0
2016-07-02,7,2016,5,40.615,11.5,881,98,87,74,73,14,7,0.0,Sunny,0
2016-07-03,7,2016,6,34.81,15.0,986,98,88,75,74,15,8,0.0,Sunny,0
2016-07-04,7,2016,0,37.872,10.0,1004,99,90,75,74,14,8,0.0,Sunny,0
2016-07-05,7,2016,1,28.14,5.0,392,99,89,75,74,16,8,0.0,Sunny,0
2016-07-06,7,2016,2,26.301,8.0,365,100,90,75,73,16,8,0.0,Sunny,0
2016-07-07,7,2016,3,22.125,5.0,399,99,89,74,73,16,9,0.0,Sunny,0
2016-07-08,7,2016,4,27.754,5.0,451,100,90,75,73,14,7,0.0,Sunny,0
2016-07-09,7,2016,5,37.962,7.0,558,99,89,76,73,13,7,0.0,Sunny,0
2016-07-10,7,2016,6,34.485,10.0,522,97,87,78,74,14,6,0.04,"Rain , Thunderstorm",0.1-0.5
2016-07-11,7,2016,0,24.112,9.0,403,100,90,75,71,17,9,0.0,Sunny,0
2016-07-12,7,2016,1,22.366,8.0,483,100,89,74,72,17,9,0.0,Sunny,0
2016-07-13,7,2016,2,25.438,11.0,496,101,91,76,73,15,8,0.0,Sunny,0
2016-07-14,7,2016,3,31.817,7.0,449,101,89,74,73,17,8,0.0,Sunny,0
2016-07-15,7,2016,4,30.315,6.0,523,101,90,75,71,13,7,0.0,Sunny,0
2016-07-16,7,2016,5,38.25,14.0,675,100,88,74,72,12,5,0.0,Sunny,0
2016-07-17,7,2016,6,43.377,13.333333333333334,525,99,88,74,72,12,7,0.0,Sunny,0
2016-07-18,7,2016,0,37.09,5.0,366,99,89,75,72,14,5,0.0,Sunny,0
2016-07-19,7,2016,1,25.145,6.0,345,100,89,74,72,15,5,0.0,Sunny,0
2016-07-20,7,2016,2,35.284,5.0,377,101,89,75,72,13,5,0.0,Sunny,0
2016-07-21,7,2016,3,25.041,7.0,438,101,89,73,69,12,4,0.0,Sunny,0
2016-07-22,7,2016,4,31.224,7.0,420,102,89,73,69,12,4,0.0,Sunny,0
2016-07-23,7,2016,5,38.968,15.0,709,101,90,74,71,13,6,0.0,Sunny,0
2016-07-24,7,2016,6,39.125,15.5,561,101,90,75,73,13,5,0.0,Sunny,0
2016-07-25,7,2016,0,20.394,7.5,368,102,89,76,73,21,3,0.76,"Rain , Thunderstorm",0.5-2
2016-07-26,7,2016,1,22.74,8.0,439,93,84,77,75,9,2,0.08,"Rain , Thunderstorm",0.1-0.5
2016-07-27,7,2016,2,23.252,4.0,258,92,83,78,74,16,3,1.06,"Fog , Rain , Thunderstorm",0.5-2
2016-07-28,7,2016,3,28.396,7.0,417,97,86,76,73,22,3,0.0,Thunderstorm,0
2016-07-29,7,2016,4,23.231,8.0,555,96,85,75,72,9,4,0.0,Sunny,0
2016-07-30,7,2016,5,35.189,15.0,750,97,87,76,73,12,5,0.0,Sunny,0
2016-07-31,7,2016,6,27.323,9.0,591,98,88,75,73,13,6,0.0,Sunny,0
2016-08-01,8,2016,0,32.928,6.5,405,99,87,74,70,13,6,0.0,Sunny,0
2016-08-02,8,2016,1,18.943,7.0,419,98,87,74,72,12,5,0.0,Sunny,0
2016-08-03,8,2016,2,19.162,4.0,507,99,88,74,72,10,4,0.0,Sunny,0
2016-08-04,8,2016,3,28.204,5.0,538,99,88,75,72,12,5,0.0,Sunny,0
2016-08-05,8,2016,4,26.546,6.0,452,100,89,76,73,12,5,0.0,Sunny,0
2016-08-06,8,2016,5,32.379,16.0,750,100,89,75,71,12,4,0.0,Sunny,0
2016-08-07,8,2016,6,33.488,10.0,605,100,89,75,72,12,6,0.0,Sunny,0
2016-08-08,8,2016,0,29.61,7.5,377,100,89,75,72,10,5,0.0,Sunny,0
2016-08-09,8,2016,1,23.605,7.0,339,102,91,76,73,13,6,0.0,Sunny,0
2016-08-10,8,2016,2,21.057,6.0,351,102,92,77,73,12,5,0.0,Sunny,0
2016-08-11,8,2016,3,25.989,6.0,357,102,90,76,74,12,5,0.0,Sunny,0
2016-08-12,8,2016,4,26.577,6.0,444,105,92,76,73,15,5,0.0,Sunny,0
2016-08-13,8,2016,5,45.262,12.0,450,96,87,76,73,13,3,0.1,"Rain , Thunderstorm",0.1-0.5
2016-08-14,8,2016,6,30.692,7.0,247,84,78,76,75,15,3,0.92,"Rain , Thunderstorm",0.5-2
2016-08-15,8,2016,0,17.821,8.666666666666666,117,76,74,73,72,7,2,2.35,Rain,2-10
2016-08-16,8,2016,1,34.397,6.0,136,83,77,76,73,10,3,1.79,"Fog , Rain , Thunderstorm",0.5-2
2016-08-17,8,2016,2,18.44,6.0,252,84,80,78,75,12,3,0.3,"Rain , Thunderstorm",0.1-0.5
2016-08-18,8,2016,3,41.277,7.0,267,88,81,80,75,12,2,0.17,Rain,0.1-0.5
2016-08-19,8,2016,4,25.156,6.0,429,93,84,77,75,10,5,0.06,Rain,0.1-0.5
2016-08-20,8,2016,5,41.759,20.0,410,83,78,77,74,10,4,0.74,"Rain , Thunderstorm",0.5-2
2016-08-21,8,2016,6,32.339,19.0,387,82,78,75,73,8,2,0.11,Rain,0.1-0.5
2016-08-22,8,2016,0,25.822,5.0,343,91,83,77,74,13,4,0.04,Rain,0.1-0.5
2016-08-23,8,2016,1,24.881,6.0,354,94,86,76,74,13,7,0.0,Sunny,0
2016-08-24,8,2016,2,23.012,6.0,414,93,85,75,73,13,6,0.0,Sunny,0
2016-08-25,8,2016,3,32.476,7.0,382,94,84,75,73,13,2,0.04,Sunny,0.1-0.5
2016-08-26,8,2016,4,29.035,6.0,481,93,84,75,73,13,3,0.0,Sunny,0
2016-08-27,8,2016,5,30.031,9.0,783,92,82,73,71,12,3,0.0,Sunny,0
2016-08-28,8,2016,6,30.749,8.0,487,92,83,75,72,12,3,0.16,Rain,0.1-0.5
2016-08-29,8,2016,0,23.908,5.0,238,91,82,75,72,16,5,0.06,Rain,0.1-0.5
2016-08-30,8,2016,1,15.822,7.0,366,92,83,73,72,12,4,0.0,Sunny,0
2016-08-31,8,2016,2,17.554,6.0,298,94,84,74,72,9,2,0.09,Rain,0.1-0.5
2016-09-01,9,2016,3,19.145,5.5,365,96,86,74,72,10,4,0.0,Sunny,0
2016-09-02,9,2016,4,46.122,6.0,583,92,84,75,72,9,3,0.0,Sunny,0
2016-09-03,9,2016,5,44.073,10.0,894,92,83,74,72,10,3,0.005,Sunny,0.1-0.5
2016-09-04,9,2016,6,37.068,16.0,1114,93,84,75,73,13,3,0.01,"Rain , Thunderstorm",0.1-0.5
2016-09-05,9,2016,0,39.268,17.0,704,94,84,77,74,14,5,0.005,"Rain , Thunderstorm",0.1-0.5
2016-09-06,9,2016,1,27.352,6.0,304,95,86,78,76,17,6,0.01,"Rain , Thunderstorm",0.1-0.5
2016-09-07,9,2016,2,14.537,5.5,315,96,87,77,76,13,6,0.0,Sunny,0
2016-09-08,9,2016,3,21.249,6.0,437,95,86,76,73,12,6,0.0,Sunny,0
2016-09-09,9,2016,4,28.732,7.0,560,95,86,75,73,13,6,0.0,Sunny,0
2016-09-10,9,2016,5,37.458,14.333333333333334,664,93,82,75,71,18,6,0.05,Rain,0.1-0.5
2016-09-11,9,2016,6,28.843,14.0,542,93,81,68,66,7,2,0.0,Sunny,0
2016-09-12,9,2016,0,20.921,9.0,391,93,82,73,69,10,3,0.0,Sunny,0
2016-09-13,9,2016,1,15.637,6.0,369,94,84,75,72,9,3,0.005,Rain,0.1-0.5
2016-09-14,9,2016,2,16.089,7.5,313,92,84,76,71,14,3,0.005,Rain,0.1-0.5
2016-09-15,9,2016,3,26.686,6.0,424,94,83,74,71,12,3,0.0,Sunny,0
2016-09-16,9,2016,4,24.681,6.0,501,95,85,74,71,9,2,0.0,Sunny,0
2016-09-17,9,2016,5,55.956,10.0,632,96,85,75,72,7,1,0.0,Sunny,0
2016-09-18,9,2016,6,32.556,7.0,410,98,87,75,73,8,2,0.0,Sunny,0
2016-09-19,9,2016,0,20.697,7.0,323,99,88,75,73,10,3,0.0,Sunny,0
2016-09-20,9,2016,1,15.066,6.0,351,99,87,75,71,10,3,0.0,Sunny,0
2016-09-21,9,2016,2,21.506,6.0,391,96,86,75,69,10,2,0.0,Sunny,0
2016-09-22,9,2016,3,19.765,8.0,409,94,82,74,69,14,5,0.0,Sunny,0
2016-09-23,9,2016,4,28.279,6.0,592,93,85,77,74,14,5,0.03,Rain,0.1-0.5
2016-09-24,9,2016,5,31.71,11.0,704,97,87,76,74,15,5,0.01,"Rain , Thunderstorm",0.1-0.5
2016-09-25,9,2016,6,28.646,8.0,435,88,79,76,73,13,4,0.76,"Fog , Rain , Thunderstorm",0.5-2
2016-09-26,9,2016,0,22.418,9.0,239,73,70,72,69,13,6,1.22,Rain,0.5-2
2016-09-27,9,2016,1,19.096,6.5,394,80,74,64,62,9,3,0.0,Sunny,0
2016-09-28,9,2016,2,26.439,6.0,487,89,77,65,60,8,1,0.0,Sunny,0
2016-09-29,9,2016,3,24.359,7.0,779,86,75,62,55,12,5,0.0,Sunny,0
2016-09-30,9,2016,4,23.79,8.0,1313,83,72,55,52,8,2,0.0,Sunny,0
2016-10-01,10,2016,5,36.572,12.0,1889,80,70,61,56,7,1,0.005,Sunny,0.1-0.5
2016-10-02,10,2016,6,28.65,14.5,1850,85,72,60,58,8,2,0.0,Sunny,0
2016-10-03,10,2016,0,32.901,11.0,684,87,75,64,61,10,3,0.0,Sunny,0
2016-10-04,10,2016,1,25.114,7.0,395,91,81,72,69,12,5,0.0,Sunny,0
2016-10-05,10,2016,2,19.447,6.0,445,92,84,74,72,13,5,0.0,Sunny,0
2016-10-06,10,2016,3,23.944,8.0,606,92,84,74,72,16,5,0.005,Sunny,0.1-0.5
2016-10-07,10,2016,4,31.263,12.0,1389,89,76,73,69,16,5,0.005,Rain,0.1-0.5
2016-10-08,10,2016,5,35.097,23.0,2115,86,74,63,60,9,5,0.0,Sunny,0
2016-10-09,10,2016,6,30.35,9.0,1915,84,71,58,47,8,4,0.0,Sunny,0
2016-10-10,10,2016,0,27.596,11.0,1003,84,68,52,46,7,1,0.0,Sunny,0
2016-10-11,10,2016,1,22.302,6.0,686,88,71,59,53,9,1,0.0,Sunny,0
2016-10-12,10,2016,2,23.263,7.0,482,91,76,72,65,10,3,0.0,Sunny,0
2016-10-13,10,2016,3,20.063,5.0,428,89,79,73,69,12,2,0.17,Rain,0.1-0.5
2016-10-14,10,2016,4,25.96,14.0,679,87,77,71,67,14,3,0.005,"Fog , Rain",0.1-0.5
2016-10-15,10,2016,5,29.035,8.0,915,91,81,71,70,12,4,0.0,Sunny,0
2016-10-16,10,2016,6,40.36,14.0,519,94,85,72,70,14,5,0.0,Sunny,0
2016-10-17,10,2016,0,19.293,7.0,362,94,84,72,70,12,6,0.0,Sunny,0
2016-10-18,10,2016,1,27.744,8.0,402,93,84,73,71,13,6,0.0,Sunny,0
2016-10-19,10,2016,2,25.166,9.0,344,92,84,74,71,12,5,0.0,Sunny,0
2016-10-20,10,2016,3,22.157,6.0,530,83,74,70,61,17,7,0.0,Sunny,0
2016-10-21,10,2016,4,34.654,6.0,674,77,65,47,45,9,3,0.0,Sunny,0
2016-10-22,10,2016,5,38.318,18.0,784,80,64,48,45,9,2,0.0,Sunny,0
2016-10-23,10,2016,6,33.497,9.0,545,84,70,62,55,13,3,0.005,"Rain , Thunderstorm",0.1-0.5
2016-10-24,10,2016,0,24.73,6.5,574,86,77,67,64,10,4,0.005,Sunny,0.1-0.5
2016-10-25,10,2016,1,19.621,5.0,377,86,77,66,63,10,3,0.0,Sunny,0
2016-10-26,10,2016,2,28.175,7.0,468,87,76,66,62,10,2,0.0,Sunny,0
2016-10-27,10,2016,3,20.721,4.0,488,88,76,67,62,9,3,0.0,Sunny,0
2016-10-28,10,2016,4,26.182,9.0,660,86,74,64,60,12,2,0.0,Sunny,0
2016-10-29,10,2016,5,30.002,10.0,823,86,75,65,62,12,2,0.0,Sunny,0
2016-10-30,10,2016,6,36.104,19.0,701,87,76,67,63,10,2,0.0,Sunny,0
2016-10-31,10,2016,0,23.393,7.0,534,86,73,69,62,12,3,0.0,Fog,0
2016-11-01,11,2016,1,22.364,9.0,398,91,81,73,71,15,5,0.33,"Rain , Thunderstorm",0.1-0.5
2016-11-02,11,2016,2,16.716,7.0,285,88,81,74,72,12,6,0.01,Rain,0.1-0.5
2016-11-03,11,2016,3,25.956,7.0,294,80,74,73,70,16,5,1.07,"Fog , Rain , Thunderstorm",0.5-2
2016-11-04,11,2016,4,29.186,8.0,630,73,71,67,66,8,4,0.0,Sunny,0
2016-11-05,11,2016,5,41.684,6.0,659,72,68,68,66,7,2,0.24,Rain,0.1-0.5
2016-11-06,11,2016,6,34.64,17.0,456,76,68,67,60,12,2,0.07,Rain,0.1-0.5
2016-11-07,11,2016,0,29.134,6.0,352,71,66,69,65,7,2,0.08,Rain,0.1-0.5
2016-11-08,11,2016,1,21.7,5.0,320,69,66,66,64,10,4,0.49,"Rain , Thunderstorm",0.1-0.5
2016-11-09,11,2016,2,17.818,6.0,325,65,63,62,61,10,6,0.17,Rain,0.1-0.5
2016-11-10,11,2016,3,20.368,7.0,737,71,64,58,55,8,3,0.0,Sunny,0
2016-11-11,11,2016,4,30.55,10.0,1010,74,65,60,57,8,2,0.005,Rain,0.1-0.5
2016-11-12,11,2016,5,36.686,10.0,1029,77,67,58,57,9,4,0.0,Sunny,0
2016-11-13,11,2016,6,33.925,8.0,889,76,65,58,55,7,2,0.0,Sunny,0
2016-11-14,11,2016,0,25.439,7.0,499,82,69,62,58,9,2,0.0,Fog,0
2016-11-15,11,2016,1,17.472,6.0,441,86,73,58,55,8,2,0.0,Sunny,0
2016-11-16,11,2016,2,14.874,6.0,374,86,71,57,52,9,3,0.0,Sunny,0
2016-11-17,11,2016,3,17.819,6.0,436,82,70,66,61,15,7,0.0,Sunny,0
2016-11-18,11,2016,4,23.698,6.0,411,79,66,68,55,17,7,0.005,Rain,0.1-0.5
2016-11-19,11,2016,5,36.92,11.5,549,63,52,33,30,13,5,0.0,Sunny,0
2016-11-20,11,2016,6,33.468,19.0,500,67,51,36,32,10,2,0.0,Sunny,0
2016-11-21,11,2016,0,26.365,7.0,551,77,61,57,48,13,5,0.0,Sunny,0
2016-11-22,11,2016,1,20.655,8.0,313,76,69,69,64,13,5,0.49,"Rain , Thunderstorm",0.1-0.5
2016-11-23,11,2016,2,31.697,11.0,544,73,62,69,54,14,3,0.13,Rain,0.1-0.5
2016-11-24,11,2016,3,45.11,8.0,391,76,61,60,52,8,1,0.0,Sunny,0
2016-11-25,11,2016,4,34.558,6.0,391,66,61,60,57,10,4,0.03,Rain,0.1-0.5
2016-11-26,11,2016,5,40.94,14.0,566,70,62,56,51,7,2,0.0,Sunny,0
2016-11-27,11,2016,6,33.964,15.0,411,76,66,65,59,14,6,0.0,Sunny,0
2016-11-28,11,2016,0,23.436,6.0,291,79,65,66,49,17,6,0.0,Sunny,0
2016-11-29,11,2016,1,15.46,6.0,315,79,64,48,42,8,3,0.0,Sunny,0
2016-11-30,11,2016,2,13.311,6.0,286,67,55,42,33,13,4,0.0,Sunny,0
2017-01-01,1,2017,6,44.929,18.0,786,73,63,60,52,7,2,0.0,Fog,0
2017-01-02,1,2017,0,37.604,15.0,570,73,64,62,54,15,5,0.4,"Rain , Thunderstorm",0.1-0.5
2017-01-03,1,2017,1,29.836,4.0,359,75,60,44,39,12,4,0.0,Sunny,0
2017-01-04,1,2017,2,26.51,5.0,208,48,42,31,28,10,6,0.0,Sunny,0
2017-01-05,1,2017,3,19.285,6.0,246,62,49,47,35,15,4,0.0,Sunny,0
2017-01-06,1,2017,4,11.14,6.0,107,34,29,18,15,17,10,0.0,Sunny,0
2017-01-07,1,2017,5,29.235,6.0,81,44,32,13,11,12,4,0.0,Sunny,0
2017-01-08,1,2017,6,27.662,18.0,219,53,37,32,18,14,4,0.0,Sunny,0
2017-01-09,1,2017,0,27.162,7.0,308,71,57,55,47,15,5,0.0,Sunny,0
2017-01-10,1,2017,1,22.954,6.0,326,79,69,58,56,17,7,0.0,Sunny,0
2017-01-11,1,2017,2,20.845,5.0,290,80,70,63,60,16,8,0.0,Sunny,0
2017-01-12,1,2017,3,18.962,4.0,293,81,74,65,63,14,8,0.0,Sunny,0
2017-01-13,1,2017,4,27.577,7.5,411,78,67,69,63,14,7,0.65,"Fog , Rain",0.5-2
2017-01-14,1,2017,5,42.102,14.0,520,56,52,51,50,8,4,0.07,Rain,0.1-0.5
2017-01-15,1,2017,6,25.217,7.0,180,73,62,66,59,17,5,0.61,"Rain , Thunderstorm",0.5-2
2017-01-16,1,2017,0,31.4,8.0,350,70,64,61,56,9,1,0.3,"Rain , Thunderstorm",0.1-0.5
2017-01-17,1,2017,1,16.288,5.0,104,59,54,55,48,14,6,1.57,"Fog , Rain , Thunderstorm",0.5-2
2017-01-18,1,2017,2,14.044,7.0,137,56,52,52,48,9,4,0.51,"Rain , Thunderstorm",0.5-2
2017-01-19,1,2017,3,20.085,7.0,329,71,62,55,52,12,3,0.005,Rain,0.1-0.5
2017-01-20,1,2017,4,37.87,6.0,455,76,62,55,50,8,1,0.0,Sunny,0
2017-01-21,1,2017,5,41.541,12.0,856,81,65,58,51,21,6,0.02,Fog,0.1-0.5
2017-01-22,1,2017,6,48.583,7.0,345,70,62,42,34,24,11,0.0,Sunny,0
2017-01-23,1,2017,0,23.477,7.0,323,76,61,39,36,10,4,0.0,Sunny,0
2017-01-24,1,2017,1,19.329,5.0,255,84,67,64,51,14,7,0.0,Sunny,0
2017-01-25,1,2017,2,19.588,6.0,291,69,59,63,36,15,7,0.0,Sunny,0
2017-01-26,1,2017,3,18.004,5.0,268,59,50,30,27,10,3,0.0,Sunny,0
2017-01-27,1,2017,4,34.767,4.5,356,58,48,30,24,13,5,0.0,Sunny,0
2017-01-28,1,2017,5,64.25,7.5,424,61,50,37,31,14,6,0.005,Rain,0.1-0.5
2017-01-29,1,2017,6,41.394,9.5,465,70,55,34,30,14,6,0.0,Sunny,0
2017-01-30,1,2017,0,17.463,6.0,268,79,63,35,30,12,5,0.0,Sunny,0
2017-01-31,1,2017,1,19.4,6.0,330,78,61,50,36,13,4,0.0,Sunny,0
2017-02-01,2,2017,2,20.318,7.0,308,82,67,59,52,14,4,0.0,Sunny,0
2017-02-02,2,2017,3,12.491,7.0,226,64,55,39,35,13,7,0.0,Sunny,0
2017-02-03,2,2017,4,16.214,5.0,243,53,49,37,34,13,6,0.005,Sunny,0.1-0.5
2017-02-04,2,2017,5,25.386,9.0,132,51,49,52,46,9,1,0.02,Rain,0.1-0.5
2017-02-05,2,2017,6,40.351,5.0,316,72,62,64,59,12,3,0.005,Fog,0.1-0.5
2017-02-06,2,2017,0,23.325,7.0,329,78,73,67,65,12,5,0.005,Rain,0.1-0.5
2017-02-07,2,2017,1,28.827,6.0,358,86,71,66,54,13,2,0.0,Sunny,0
2017-02-08,2,2017,2,17.334,5.0,350,87,69,46,41,18,5,0.0,Sunny,0
2017-02-09,2,2017,3,20.208,6.0,351,68,56,37,31,10,5,0.0,Sunny,0
2017-02-10,2,2017,4,27.338,8.0,485,79,65,63,51,7,3,0.0,Sunny,0
2017-02-11,2,2017,5,40.201,9.0,872,86,76,67,64,12,6,0.0,Sunny,0
2017-02-12,2,2017,6,44.626,9.0,577,79,73,66,61,14,5,0.0,Sunny,0
2017-02-13,2,2017,0,18.664,7.0,333,78,71,64,55,18,9,0.005,Sunny,0.1-0.5
2017-02-14,2,2017,1,23.674,6.0,187,67,57,62,47,20,9,0.86,"Rain , Thunderstorm",0.5-2
2017-02-15,2,2017,2,24.757,7.0,280,65,54,38,33,16,7,0.0,Sunny,0
2017-02-16,2,2017,3,25.214,6.0,365,70,55,39,36,12,3,0.0,Sunny,0
2017-02-17,2,2017,4,34.25,8.0,687,77,64,60,50,13,6,0.0,Sunny,0
2017-02-18,2,2017,5,39.921,11.5,1437,86,74,64,56,12,6,0.0,Sunny,0
2017-02-19,2,2017,6,40.099,9.0,925,81,71,68,66,20,8,0.09,"Rain , Thunderstorm",0.1-0.5
2017-02-20,2,2017,0,32.566,5.0,532,70,64,59,57,21,4,1.12,"Rain , Thunderstorm",0.5-2
2017-02-21,2,2017,1,23.226,8.0,416,82,67,55,43,15,6,0.0,Sunny,0
2017-02-22,2,2017,2,20.765,7.0,332,87,69,49,45,10,3,0.0,Sunny,0
2017-02-23,2,2017,3,22.575,7.0,442,90,73,60,49,15,5,0.0,Sunny,0
2017-02-24,2,2017,4,28.271,7.0,616,80,67,50,35,17,6,0.0,Sunny,0
2017-02-25,2,2017,5,37.751,11.0,939,63,54,33,28,13,6,0.0,Sunny,0
2017-02-26,2,2017,6,36.588,8.0,643,72,57,64,50,12,3,0.005,Sunny,0.1-0.5
2017-02-27,2,2017,0,29.432,6.0,493,82,74,66,65,13,6,0.005,Sunny,0.1-0.5
2017-02-28,2,2017,1,19.184,7.0,425,80,75,68,67,14,7,0.0,Sunny,0
2017-03-01,3,2017,2,23.876,6.0,404,73,64,67,45,21,8,0.0,Sunny,0
2017-03-02,3,2017,3,26.843,7.0,420,66,58,28,22,13,5,0.0,Sunny,0
2017-03-03,3,2017,4,30.938,6.0,532,71,56,38,29,14,6,0.0,Sunny,0
2017-03-04,3,2017,5,40.538,6.0,117,59,57,57,52,13,4,0.66,Rain,0.5-2
2017-03-05,3,2017,6,40.539,14.0,575,75,66,65,60,12,4,0.27,Rain,0.1-0.5
2017-03-06,3,2017,0,29.882,6.0,534,84,76,67,66,16,9,0.005,Rain,0.1-0.5
2017-03-07,3,2017,1,20.944,6.0,395,77,69,67,51,17,6,0.005,Sunny,0.1-0.5
2017-03-08,3,2017,2,24.005,6.0,412,76,68,64,50,12,4,0.005,Sunny,0.1-0.5
2017-03-09,3,2017,3,22.511,10.0,523,80,74,66,64,14,5,0.005,"Rain , Thunderstorm",0.1-0.5
2017-03-10,3,2017,4,22.416,9.0,1192,83,73,65,62,12,2,0.005,Sunny,0.1-0.5
2017-03-11,3,2017,5,19.062,7.0,583,66,64,64,62,9,4,0.73,Rain,0.5-2
2017-03-12,3,2017,6,26.301,8.0,950,62,55,60,47,18,7,0.01,Rain,0.1-0.5
2017-03-13,3,2017,0,28.717,7.0,1411,70,58,52,48,12,3,0.01,Rain,0.1-0.5
2017-03-14,3,2017,1,24.384,10.0,1764,73,57,46,43,12,3,0.0,Sunny,0
2017-03-15,3,2017,2,25.843,6.0,1937,75,62,54,49,14,6,0.0,Sunny,0
2017-03-16,3,2017,3,25.522,8.0,1947,79,69,63,59,14,6,0.02,Sunny,0.1-0.5
2017-03-17,3,2017,4,28.927,6.0,1993,83,74,64,62,15,8,0.0,Sunny,0
2017-03-18,3,2017,5,33.149,9.0,2210,84,75,66,63,10,4,0.0,Sunny,0
2017-03-19,3,2017,6,38.6,8.0,1011,85,75,65,62,12,6,0.0,Sunny,0
2017-03-20,3,2017,0,25.366,7.0,445,85,75,65,60,13,7,0.0,Sunny,0
2017-03-21,3,2017,1,29.456,6.0,461,85,74,63,61,13,8,0.0,Sunny,0
2017-03-22,3,2017,2,24.284,6.0,552,83,76,64,62,14,7,0.0,Sunny,0
2017-03-23,3,2017,3,24.499,6.0,557,85,75,63,59,24,10,0.0,Sunny,0
2017-03-24,3,2017,4,26.067,7.5,476,83,72,71,63,17,6,0.05,Rain,0.1-0.5
2017-03-25,3,2017,5,39.686,9.0,1351,84,69,51,46,12,4,0.0,Sunny,0
2017-03-26,3,2017,6,36.907,12.0,854,86,75,66,61,18,8,0.0,Sunny,0
2017-03-27,3,2017,0,31.677,7.0,598,86,78,67,66,13,5,0.0,Sunny,0
2017-03-28,3,2017,1,24.738,7.0,522,86,78,68,66,22,10,0.0,Sunny,0
2017-03-29,3,2017,2,26.77,6.0,470,84,72,68,56,15,5,0.73,"Rain , Thunderstorm",0.5-2
2017-03-30,3,2017,3,33.892,6.0,584,82,68,50,46,15,4,0.0,Sunny,0
2017-03-31,3,2017,4,30.975,7.0,752,86,71,59,53,18,6,0.0,Sunny,0
2017-04-01,4,2017,5,40.922,15.0,831,76,71,65,63,16,8,0.0,Sunny,0
2017-04-02,4,2017,6,35.211,6.0,615,77,67,67,61,16,6,0.71,"Rain , Thunderstorm",0.5-2
2017-04-03,4,2017,0,28.13,9.0,875,90,70,54,51,10,2,0.0,Sunny,0
2017-04-04,4,2017,1,22.0,7.0,674,89,75,62,55,14,5,0.0,Sunny,0
2017-04-05,4,2017,2,22.688,7.0,725,75,64,43,39,21,8,0.0,Sunny,0
2017-04-06,4,2017,3,29.024,6.5,634,79,64,47,43,9,3,0.0,Sunny,0
2017-04-07,4,2017,4,28.139,7.0,846,81,67,51,48,12,4,0.0,Sunny,0
2017-04-08,4,2017,5,38.974,11.0,1068,82,69,62,58,15,7,0.0,Sunny,0
2017-04-09,4,2017,6,37.967,12.0,939,81,74,66,64,15,8,0.0,Sunny,0
2017-04-10,4,2017,0,24.519,7.0,441,80,76,73,69,13,7,0.1,Rain,0.1-0.5
2017-04-11,4,2017,1,21.343,7.0,274,72,67,70,65,10,4,0.34,"Rain , Thunderstorm",0.1-0.5
2017-04-12,4,2017,2,21.936,6.0,543,78,70,65,61,10,4,0.0,Sunny,0
2017-04-13,4,2017,3,27.302,7.0,668,82,75,66,64,14,6,0.005,Rain,0.1-0.5
2017-04-14,4,2017,4,32.206,7.0,1111,84,75,64,62,12,5,0.0,Sunny,0
2017-04-15,4,2017,5,43.638,11.0,1518,84,76,66,64,14,7,0.0,Sunny,0
2017-04-16,4,2017,6,46.028,15.0,900,84,77,68,66,14,6,0.0,Sunny,0
2017-04-17,4,2017,0,22.269,7.0,557,80,72,67,65,16,5,0.005,"Rain , Thunderstorm",0.1-0.5
2017-04-18,4,2017,1,21.04,6.0,658,82,72,65,62,10,4,0.0,Sunny,0
2017-04-19,4,2017,2,25.959,6.0,612,85,77,66,65,14,6,0.005,Rain,0.1-0.5
2017-04-20,4,2017,3,32.685,9.0,596,88,79,68,67,12,6,0.0,Sunny,0
2017-04-21,4,2017,4,31.795,8.0,824,89,80,67,66,14,7,0.0,Sunny,0
2017-04-22,4,2017,5,39.648,13.0,812,73,65,67,55,14,7,0.01,Rain,0.1-0.5
2017-04-23,4,2017,6,32.828,6.5,874,77,64,44,42,14,5,0.0,Sunny,0
2017-04-24,4,2017,0,26.092,8.0,741,82,65,54,49,14,4,0.0,Sunny,0
2017-04-25,4,2017,1,22.296,7.0,520,90,76,70,65,16,7,0.0,Sunny,0
2017-04-26,4,2017,2,25.656,9.0,503,91,77,70,57,18,8,0.0,Sunny,0
2017-04-27,4,2017,3,28.42,6.0,550,86,70,64,50,15,7,0.0,Sunny,0
2017-04-28,4,2017,4,30.816,6.0,705,95,83,72,68,17,9,0.0,Sunny,0
2017-04-29,4,2017,5,36.429,13.0,893,92,79,73,66,18,9,0.01,Thunderstorm,0.1-0.5
2017-04-30,4,2017,6,36.658,13.0,897,78,65,54,44,18,6,0.05,"Rain , Thunderstorm",0.1-0.5
2017-05-01,5,2017,0,28.819,6.0,507,91,71,56,48,14,6,0.0,Sunny,0
2017-05-02,5,2017,1,19.496,5.0,480,92,77,63,56,16,7,0.0,Sunny,0
2017-05-03,5,2017,2,23.177,5.0,413,95,80,72,66,18,8,0.005,Rain,0.1-0.5
2017-05-04,5,2017,3,25.086,6.0,479,79,70,47,43,18,8,0.0,Sunny,0
2017-05-05,5,2017,4,32.673,5.5,733,86,71,48,42,13,4,0.0,Sunny,0
2017-05-06,5,2017,5,45.919,17.0,916,91,73,53,49,12,4,0.0,Sunny,0
2017-05-07,5,2017,6,38.221,16.0,892,88,75,59,57,15,6,0.0,Sunny,0
2017-05-08,5,2017,0,26.399,6.0,524,84,74,63,61,16,8,0.0,Sunny,0
2017-05-09,5,2017,1,20.433,6.0,275,76,71,72,68,12,6,0.04,"Rain , Thunderstorm",0.1-0.5
2017-05-10,5,2017,2,19.149,7.0,390,83,77,70,68,14,7,0.005,Sunny,0.1-0.5
2017-05-11,5,2017,3,25.648,6.0,440,88,80,72,70,15,3,0.22,"Rain , Thunderstorm",0.1-0.5
2017-05-12,5,2017,4,36.803,6.0,778,88,76,70,57,14,7,0.0,Thunderstorm,0
2017-05-13,5,2017,5,39.021,12.0,869,89,74,58,54,10,3,0.0,Sunny,0
2017-05-14,5,2017,6,49.877,13.0,543,93,78,65,61,13,5,0.0,Sunny,0
2017-05-15,5,2017,0,31.116,7.5,491,92,80,66,64,15,7,0.0,Sunny,0
2017-05-16,5,2017,1,28.583,5.0,436,86,78,69,67,20,9,0.0,Sunny,0
2017-05-17,5,2017,2,26.837,6.0,381,90,80,74,69,14,5,0.12,Rain,0.1-0.5
2017-05-18,5,2017,3,25.439,5.0,528,94,84,73,71,20,10,0.005,Sunny,0.1-0.5
2017-05-19,5,2017,4,33.385,6.5,712,95,85,71,69,18,9,0.0,Sunny,0
2017-05-20,5,2017,5,42.039,8.0,665,84,75,71,67,15,4,1.22,"Rain , Thunderstorm",0.5-2
2017-05-21,5,2017,6,38.1,13.0,677,78,70,67,61,14,6,0.67,"Rain , Thunderstorm",0.5-2
2017-05-22,5,2017,0,25.374,6.0,540,77,69,65,62,9,4,0.02,Rain,0.1-0.5
2017-05-23,5,2017,1,21.221,8.0,366,86,72,65,62,21,5,0.07,"Rain , Thunderstorm",0.1-0.5
2017-05-24,5,2017,2,23.301,6.0,578,87,72,55,49,12,5,0.0,Sunny,0
2017-05-25,5,2017,3,28.337,7.0,638,94,78,70,60,17,7,0.0,Sunny,0
2017-05-26,5,2017,4,31.204,5.5,716,92,84,75,72,13,6,0.0,Sunny,0
2017-05-27,5,2017,5,41.94,18.0,1226,97,87,76,74,15,7,0.01,Rain,0.1-0.5
2017-05-28,5,2017,6,40.311,19.0,1051,94,80,73,71,18,4,0.47,"Rain , Thunderstorm",0.1-0.5
2017-05-29,5,2017,0,40.403,10.0,828,88,78,69,67,8,2,0.0,Sunny,0
2017-05-30,5,2017,1,28.396,5.0,568,88,78,68,66,8,2,0.0,Sunny,0
2017-05-31,5,2017,2,24.584,5.5,483,85,77,70,68,17,2,0.02,Rain,0.1-0.5
2017-06-01,6,2017,3,27.118,8.0,499,89,78,71,68,10,4,0.0,Sunny,0
2017-06-02,6,2017,4,37.546,6.0,590,92,83,72,71,12,5,0.005,Sunny,0.1-0.5
2017-06-03,6,2017,5,37.575,12.0,826,92,82,73,71,12,4,0.24,"Rain , Thunderstorm",0.1-0.5
2017-06-04,6,2017,6,45.984,6.0,505,91,80,71,69,12,1,0.17,"Rain , Thunderstorm",0.1-0.5
2017-06-05,6,2017,0,25.236,6.5,424,90,78,70,68,25,3,1.39,"Fog , Rain , Thunderstorm",0.5-2
2017-06-06,6,2017,1,29.065,6.0,524,92,81,70,66,14,5,0.0,Sunny,0
2017-06-07,6,2017,2,24.979,5.0,521,95,83,68,62,9,3,0.0,Sunny,0
2017-06-08,6,2017,3,26.124,6.5,548,93,83,68,66,9,4,0.0,Sunny,0
2017-06-09,6,2017,4,37.176,5.0,619,90,82,71,69,13,6,0.0,Sunny,0
2017-06-10,6,2017,5,37.148,14.5,953,93,82,69,65,14,6,0.0,Sunny,0
2017-06-11,6,2017,6,37.061,13.0,661,93,83,70,68,13,7,0.0,Sunny,0
2017-06-12,6,2017,0,31.483,6.0,526,94,85,72,68,15,7,0.005,Rain,0.1-0.5
2017-06-13,6,2017,1,24.061,5.0,423,98,87,73,71,18,7,0.0,Sunny,0
2017-06-14,6,2017,2,30.084,5.0,534,96,87,74,71,14,8,0.0,Sunny,0
2017-06-15,6,2017,3,26.917,5.0,436,99,88,74,71,13,7,0.0,Sunny,0
2017-06-16,6,2017,4,26.351,6.0,575,98,88,73,70,16,7,0.0,Sunny,0
2017-06-17,6,2017,5,42.628,8.0,693,101,89,75,72,15,8,0.0,Sunny,0
2017-06-18,6,2017,6,38.372,9.0,460,100,89,74,71,13,7,0.0,Sunny,0
2017-06-19,6,2017,0,24.38,8.0,424,92,84,74,72,13,4,0.01,"Rain , Thunderstorm",0.1-0.5
2017-06-20,6,2017,1,27.198,6.0,405,98,87,72,69,10,5,0.0,Sunny,0
2017-06-21,6,2017,2,21.396,6.0,336,97,86,72,64,14,6,0.0,Sunny,0
2017-06-22,6,2017,3,24.399,7.0,431,99,88,72,67,10,5,0.0,Sunny,0
2017-06-23,6,2017,4,28.379,6.0,522,104,91,75,72,14,7,0.0,Sunny,0
2017-06-24,6,2017,5,46.719,9.0,868,85,79,76,71,13,5,0.14,Rain,0.1-0.5
2017-06-25,6,2017,6,36.874,6.0,641,90,83,74,71,13,5,0.02,Rain,0.1-0.5
2017-06-26,6,2017,0,25.332,5.0,428,91,82,74,72,15,2,1.07,"Rain , Thunderstorm",0.5-2
2017-06-27,6,2017,1,28.25,6.0,448,91,81,74,72,20,3,0.01,Rain,0.1-0.5
2017-06-28,6,2017,2,31.796,7.0,455,92,82,72,70,10,4,0.0,Sunny,0
2017-06-29,6,2017,3,26.284,5.0,377,99,87,75,73,13,6,0.0,Sunny,0
2017-06-30,6,2017,4,29.548,4.0,456,98,89,75,73,16,8,0.0,Sunny,0
2017-07-01,7,2017,5,55.98,12.0,697,98,89,76,72,15,7,0.005,Sunny,0.1-0.5
2017-07-02,7,2017,6,42.783,5.0,811,100,89,75,72,14,6,0.0,Sunny,0
2017-07-03,7,2017,0,39.654,7.0,787,99,88,74,71,13,7,0.0,Sunny,0
2017-07-04,7,2017,1,35.177,13.0,733,101,90,74,72,13,7,0.0,Sunny,0
2017-07-05,7,2017,2,32.588,5.0,408,99,89,74,70,13,6,0.0,Sunny,0
2017-07-06,7,2017,3,28.808,6.0,411,100,89,74,71,12,4,0.0,Thunderstorm,0
2017-07-07,7,2017,4,22.336,5.0,411,99,87,74,71,15,3,0.02,"Rain , Thunderstorm",0.1-0.5
2017-07-08,7,2017,5,34.647,14.0,623,100,88,71,67,9,3,0.0,Thunderstorm,0
2017-07-09,7,2017,6,27.298,12.0,443,101,89,71,67,12,4,0.0,Sunny,0
2017-07-10,7,2017,0,21.417,8.0,396,100,88,72,65,12,5,0.0,Sunny,0
2017-07-11,7,2017,1,26.278,5.0,407,101,89,73,69,14,7,0.0,Sunny,0
2017-07-12,7,2017,2,26.167,10.0,515,101,89,73,70,13,6,0.0,Sunny,0
2017-07-13,7,2017,3,26.533,5.0,443,102,90,74,70,10,3,0.0,Sunny,0
2017-07-14,7,2017,4,37.249,5.0,497,101,89,74,69,15,4,0.0,Sunny,0
2017-07-15,7,2017,5,39.361,7.0,468,103,87,73,70,23,3,0.16,"Rain , Thunderstorm",0.1-0.5
2017-07-16,7,2017,6,39.376,9.5,471,99,84,71,69,12,3,0.0,Sunny,0
2017-07-17,7,2017,0,26.906,5.0,413,98,88,75,71,16,3,0.005,"Rain , Thunderstorm",0.1-0.5
2017-07-18,7,2017,1,29.95,6.0,404,100,88,74,70,14,5,0.0,Sunny,0
2017-07-19,7,2017,2,20.202,6.0,317,101,89,74,70,18,5,0.0,Sunny,0
2017-07-20,7,2017,3,27.445,7.0,375,103,90,75,69,14,5,0.0,Sunny,0
2017-07-21,7,2017,4,24.164,7.0,439,104,91,74,68,14,5,0.005,Sunny,0.1-0.5
2017-07-22,7,2017,5,43.187,8.0,599,103,90,74,68,13,6,0.0,Sunny,0
2017-07-23,7,2017,6,41.372,7.5,438,103,90,74,71,13,4,0.04,"Rain , Thunderstorm",0.1-0.5
2017-07-24,7,2017,0,24.058,5.0,396,102,89,75,71,13,3,0.01,"Rain , Thunderstorm",0.1-0.5
2017-07-25,7,2017,1,20.02,8.0,455,103,91,75,71,15,7,0.0,Sunny,0
2017-07-26,7,2017,2,20.793,6.0,381,103,91,75,70,15,6,0.005,Sunny,0.1-0.5
2017-07-27,7,2017,3,26.619,5.0,370,103,89,71,67,12,5,0.0,Sunny,0
2017-07-28,7,2017,4,28.689,6.0,402,105,91,71,64,14,5,0.0,Sunny,0
2017-07-29,7,2017,5,43.075,7.0,425,107,92,72,64,12,4,0.0,Sunny,0
2017-07-30,7,2017,6,41.647,8.0,365,106,93,70,68,13,4,0.0,Sunny,0
2017-07-31,7,2017,0,21.154,6.0,344,99,88,66,61,12,4,0.0,Sunny,0
